Keyword	Currency	Avg. monthly searches	Min search volume	Max search volume	Competition	Competition (indexed value)	Top of page bid (low range)	Top of page bid (high range)	Ad impression share	Organic impression share	Organic average position	In account?	In plan?	Searches: Jul 2019	Searches: Aug 2019	Searches: Sep 2019	Searches: Oct 2019	Searches: Nov 2019	Searches: Dec 2019	Searches: Jan 2020	Searches: Feb 2020	Searches: Mar 2020	Searches: Apr 2020	Searches: May 2020	Searches: Jun 2020	Concept: Site	Concept: Other Brands	Concept: Non-Brands	Concept: Language	Concept: Others	Google_Adult	SERP_Adult	All_Adult
asian girls	USD		10,000	100,000	Low	5.0	0.97	1.93																							True	False	True
asian nude	USD		10,000	100,000	Low	0.0																						Non-Brands		asian nudes	True	True	True
sexy asians	USD		10,000	100,000	Low	1.0	0.93	1.65																				Non-Brands			True	False	True
naked asian	USD		10,000	100,000	Low	0.0																						Non-Brands		asian nudes	True	True	True
girlsdoporn asian	USD		10,000	100,000	Low	0.0																						Non-Brands			False	True	True
hot asian babes	USD		1,000	10,000	Low	1.0	0.82	1.8																				Non-Brands			False	True	True
asian girls nude	USD		10,000	100,000	Low	0.0																						Non-Brands		asian nudes	True	True	True
chinese sexy girl	USD		1,000	10,000	Low	2.0	0.69	1.71																				Non-Brands	chinese		True	False	True
chinese nude model	USD		1,000	10,000	Low	0.0																						Non-Brands	chinese	asian nudes	True	True	True
asian girls naked	USD		10,000	100,000	Low	0.0																						Non-Brands		asian nudes	True	True	True
asian sexy girl	USD		10,000	100,000	Low	1.0	0.9	2.0																				Non-Brands			True	False	True
chinese girl nude	USD		1,000	10,000	Low	0.0																						Non-Brands	chinese	asian nudes	True	True	True
asian hot girls	USD		10,000	100,000	Low	2.0	1.12	1.92																				Non-Brands			True	False	True
japanese girl naked	USD		10,000	100,000	Low	0.0																						Non-Brands	japanese	asian nudes	True	True	True
hot asian nude	USD		10,000	100,000	Low	0.0																						Non-Brands		asian nudes	True	True	True
asian nude model	USD		1,000	10,000	Low	0.0																						Non-Brands	chinese	asian nudes	True	True	True
asian masturbating	USD		1,000	10,000	Low	0.0																						Non-Brands			True	True	True
hot naked asians	USD		1,000	10,000	Low	0.0																						Non-Brands		asian nudes	True	True	True
chinese girl naked	USD		10,000	100,000	Low	1.0																						Non-Brands	chinese	asian nudes	True	True	True
chinese cam girl	USD		100	1,000	Low	15.0	0.78	1.87																				Non-Brands	chinese		True	True	True
asian girl xnxx	USD		100	1,000	Low	0.0																				xnxx		Non-Brands			True	True	True
chinese hot girls	USD		1,000	10,000	Low	1.0	1.06	2.16																				Non-Brands	chinese		True	False	True
sexy nude asian	USD		1,000	10,000	Low	0.0																						Non-Brands		asian nudes	True	True	True
busty asian nude	USD		1,000	10,000	Low	0.0																						Non-Brands		asian nudes, tit	True	True	True
asian nude beach	USD		1,000	10,000	Low	0.0																						Non-Brands		asian nudes	True	True	True
young asian nude	USD		1,000	10,000	Low	0.0																						Non-Brands		asian nudes	True	True	True
asian babes nude	USD		1,000	10,000	Low	0.0																						Non-Brands		asian nudes	True	True	True
chubby asian girl	USD		1,000	10,000	Low	0.0																						Non-Brands			False	True	True
busty asian girl	USD		1,000	10,000	Low	1.0	0.89	2.24																				Non-Brands			False	True	True
chaturbate female asian	USD		100	1,000	Low	2.0	0.61	0.61																			chaturbate				False	True	True
damplips asian	USD		100	1,000	Low	0.0																					damplips				False	True	True
free asian cam	USD		1,000	10,000	Low	18.0	0.61	1.53																				Non-Brands			False	False	False
japanese girl diarrhea	USD		100	1,000	Low	0.0																						Non-Brands	japanese		False	True	True
china nude model	USD		100	1,000	Low	0.0																						Non-Brands	chinese	asian nudes	True	True	True
thicc asian girl	USD		1,000	10,000	Low	0.0																						Non-Brands			False	True	True
japanese girl humping	USD		100	1,000	Low	0.0																						Non-Brands	japanese		True	True	True
asian girl big tits	USD		1,000	10,000	Low	0.0																						Non-Brands		tit	True	True	True
thick asian nude	USD		1,000	10,000	Low	0.0																						Non-Brands		asian nudes	True	True	True
busty asian babes	USD		1,000	10,000	Low	0.0																						Non-Brands			False	True	True
asian girl pornhub	USD		1,000	10,000	Low	0.0																				pornhub		Non-Brands			True	True	True
asian beauty nude	USD		1,000	10,000	Low	0.0																						Non-Brands		asian nudes	True	True	True
black asian girl	USD		1,000	10,000	Low	0.0	0.6	1.65																			blacked				False	False	False
chinese girl xvideo	USD		100	1,000	Low	0.0																				xvideos		Non-Brands	chinese		True	True	True
asian girl squirting	USD		1,000	10,000	Low	0.0																						Non-Brands			True	True	True
chinese girl masturbating	USD		100	1,000	Low	0.0																						Non-Brands	chinese		True	True	True
asian hot model	USD		1,000	10,000	Low	1.0	0.67	0.96																				Non-Brands			False	False	False
chubby asian nude	USD		1,000	10,000	Low	0.0																						Non-Brands		asian nudes	True	True	True
asian girl xvideo	USD		100	1,000	Low	0.0																				xvideos		Non-Brands			False	True	True
beautiful asian nude	USD		1,000	10,000	Low	0.0																						Non-Brands		asian nudes	True	True	True
hot asian girl nude	USD		1,000	10,000	Low	0.0																						Non-Brands		asian nudes	True	True	True
adriana chechik asian	USD		100	1,000	Low	0.0																						Non-Brands			False	False	False
petite asian nude	USD		1,000	10,000	Low	0.0																						Non-Brands		asian nudes	True	True	True
asian sucking bbc	USD		100	1,000	Low	0.0																					bbc				False	True	True
asian sweety	USD		100	1,000	Low	0.0																					asian sweety				False	True	True
hot sexy asians	USD		1,000	10,000	Low	1.0	0.97	2.45																				Non-Brands			True	False	True
xnxx chinese girl	USD		100	1,000	Low	0.0																				xnxx		Non-Brands	chinese		False	True	True
hot asian girl naked	USD		1,000	10,000	Low	0.0																						Non-Brands		asian nudes	True	True	True
japanese girl peeing	USD		1,000	10,000	Low	0.0																						Non-Brands	japanese		False	True	True
skinny asian nude	USD		1,000	10,000	Low	0.0																						Non-Brands		asian nudes	True	True	True
asian amateur nude	USD		1,000	10,000	Low	0.0																						Non-Brands		asian nudes	True	True	True
horny asian girl	USD		1,000	10,000	Low	2.0	0.66	1.84																				Non-Brands			True	True	True
asian nude live	USD		100	1,000	Low	5.0	0.61	0.97																				Non-Brands		asian nudes	True	True	True
asian sexy babes	USD		1,000	10,000	Low	1.0	0.66	1.17																				Non-Brands			True	True	True
japanese cam girls	USD		100	1,000	Low	30.0	0.58	1.41																				Non-Brands	japanese		True	False	True
asian cute girls	USD		10,000	100,000	Low	0.0	0.93	2.04																				Non-Brands			False	False	False
asian girl twerking	USD		1,000	10,000	Low	0.0																						Non-Brands			False	False	False
perfect girl asian	USD		100	1,000	Low	0.0																					perfect girl				False	True	True
tiny asian nude	USD		1,000	10,000	Low	0.0																						Non-Brands		asian nudes	True	True	True
asian babes naked	USD		1,000	10,000	Low	0.0																						Non-Brands		asian nudes	True	True	True
asian sexy model	USD		1,000	10,000	Low	0.0																						Non-Brands			True	False	True
nude asian ladies	USD		100	1,000	Low	1.0																						Non-Brands		asian nudes	True	True	True
hot filipina girls	USD		100	1,000	Low	5.0	1.05	1.92																				Non-Brands			False	False	False
asian masterbating	USD		100	1,000	Low	0.0																						Non-Brands			True	True	True
asian bikini babes	USD		100	1,000	Low	0.0																						Non-Brands			False	False	False
fit asian girl	USD		1,000	10,000	Low	0.0																						Non-Brands			False	False	False
hot asian ladies	USD		100	1,000	Low	11.0	0.94	1.66																				Non-Brands			False	False	False
japanese girl sleeping	USD		100	1,000	Low	1.0																						Non-Brands	japanese		False	True	True
asian big dildo	USD		100	1,000	Low	0.0																						Non-Brands			True	True	True
skinny asian big tits	USD		100	1,000	Low	1.0																						Non-Brands		tit	True	True	True
young asian girls nude	USD		100	1,000	Low	0.0																						Non-Brands		asian nudes	True	True	True
naked chinese ladies	USD		100	1,000	Low	2.0																						Non-Brands	chinese	asian nudes	True	False	True
sexy filipina girls	USD		100	1,000	Low	3.0	0.61	0.97																				Non-Brands			True	False	True
chinese beauty nude	USD		100	1,000	Low	0.0																						Non-Brands	chinese	asian nudes	True	True	True
japanese girl kissing	USD		1,000	10,000	Low	5.0	1.45	3.63																				Non-Brands	japanese		False	True	True
asian naked model	USD		1,000	10,000	Low	0.0																						Non-Brands		asian nudes	True	True	True
asian lesbian girls	USD		100	1,000	Low	0.0																						Non-Brands			False	True	True
asian public nude	USD		1,000	10,000	Low	0.0																						Non-Brands		asian nudes	True	True	True
sexi asian	USD		100	1,000	Low	0.0																						Non-Brands			True	True	True
curvy asian nude	USD		100	1,000	Low	0.0																					curvy nude			asian nudes, curvy asian	True	True	True
asian big tits nude	USD		1,000	10,000	Low	0.0																						Non-Brands		asian nudes, tit	True	True	True
cute nude asian	USD		1,000	10,000	Low	0.0																						Non-Brands		asian nudes	True	True	True
asian big tits lesbian	USD		1,000	10,000	Low	0.0																						Non-Brands		tit	True	True	True
sexy asians naked	USD		1,000	10,000	Low	0.0																						Non-Brands		asian nudes	True	True	True
chinese girl bf	USD		10	100	Unknown																							Non-Brands	chinese		True	True	True
asian chaturbate female	USD		100	1,000	Low	2.0	0.61	0.61																			chaturbate				False	True	True
japanese girl bondage	USD		100	1,000	Low	0.0																						Non-Brands	japanese		False	True	True
sexy thick asians	USD		1,000	10,000	Low	0.0																						Non-Brands			True	True	True
asian lesbian nude	USD		1,000	10,000	Low	0.0																						Non-Brands		asian nudes	True	True	True
hot chinese nude	USD		100	1,000	Low	0.0																						Non-Brands	chinese	asian nudes	True	True	True
japanese girl lesbian	USD		100	1,000	Low	0.0																						Non-Brands	japanese		False	True	True
curvy asian girl	USD		100	1,000	Low	0.0																						Non-Brands		curvy asian	False	False	False
hot asian masturbating	USD		100	1,000	Low	0.0																						Non-Brands			True	True	True
half asian nude	USD		100	1,000	Low	0.0																						Non-Brands		asian nudes	True	True	True
japanese girl fingering	USD		10	100	Low	0.0																						Non-Brands	japanese		True	True	True
asia babes	USD		10	100	Low	15.0																						Non-Brands			False	False	False
asian girl with glasses	USD		1,000	10,000	Low	2.0																						Non-Brands			False	False	False
asian big bobs	USD		10	100	Low	0.0																					big bobs				False	True	True
beautiful chinese nude	USD		100	1,000	Low	0.0																						Non-Brands	chinese	asian nudes	True	True	True
young chinese nude	USD		100	1,000	Low	0.0																						Non-Brands	chinese	asian nudes	True	True	True
nude girl china	USD		10	100	Low	0.0																						Non-Brands	chinese	asian nudes	True	True	True
young asian naked	USD		100	1,000	Low	0.0																						Non-Brands		asian nudes	True	True	True
asian big tits solo	USD		100	1,000	Low	0.0																						Non-Brands		tit	True	True	True
sexy chinese nude	USD		100	1,000	Low	0.0																						Non-Brands	chinese	asian nudes	True	True	True
asian woman masturbating	USD		1,000	10,000	Low	0.0																						Non-Brands			True	True	True
chinese girl bondage	USD		100	1,000	Low	0.0																						Non-Brands	chinese		True	True	True
ftv asian	USD		100	1,000	Low	0.0																					ftv				False	True	True
japanese girl masterbating	USD		100	1,000	Low	0.0																						Non-Brands	japanese		True	True	True
chinese girl peeing	USD		100	1,000	Low	0.0																						Non-Brands	chinese		True	True	True
bbw asian nude	USD		1,000	10,000	Low	0.0																						Non-Brands		asian nudes	True	True	True
cute chinese nude	USD		100	1,000	Low	0.0																						Non-Brands	chinese	asian nudes	True	True	True
hairy asian nude	USD		100	1,000	Low	0.0																						Non-Brands		asian nudes	True	True	True
sexy young asian	USD		100	1,000	Low	1.0																						Non-Brands			True	False	True
chinese amateur nude	USD		100	1,000	Low	0.0																						Non-Brands	chinese	asian nudes	True	True	True
asian girls tits	USD		1,000	10,000	Low	1.0																						Non-Brands		tit	True	True	True
asian caught masturbating	USD		100	1,000	Low	0.0																						Non-Brands			True	True	True
perfect asian nude	USD		100	1,000	Low	0.0																					perfect girl			asian nudes	True	True	True
chinese virgin girl	USD		10	100	Low	0.0																						Non-Brands	chinese		False	False	False
horny chinese girl	USD		100	1,000	Low	1.0																						Non-Brands	chinese		True	True	True
chaturbate asian girl	USD		100	1,000	Low	1.0	0.61	2.03																			chaturbate				False	False	False
abby winters asian	USD		100	1,000	Low	0.0																					abby winters				False	False	False
beautiful naked asians	USD		100	1,000	Low	0.0																						Non-Brands		asian nudes	True	True	True
naked jap girls	USD		100	1,000	Low	0.0																						Non-Brands	japanese	asian nudes	True	True	True
asian girl booty	USD		100	1,000	Low	0.0																						Non-Brands			True	True	True
asian girl kissing	USD		1,000	10,000	Low	0.0																						Non-Brands			False	True	True
asia nude girl	USD		10	100	Low	0.0																						Non-Brands		asian nudes	True	True	True
horny asian babes	USD		100	1,000	Low	1.0																						Non-Brands			True	True	True
asian nude snapchat	USD		100	1,000	Low	0.0																						Non-Brands		asian nudes, snapchat	True	False	True
hot asian babes nude	USD		100	1,000	Low	0.0																						Non-Brands		asian nudes	True	True	True
chinese girl squirting	USD		100	1,000	Low	0.0																						Non-Brands	chinese		False	True	True
fit asian nude	USD		100	1,000	Low	0.0																						Non-Brands		asian nudes	True	True	True
asian big butts	USD		1,000	10,000	Low	0.0																						Non-Brands			False	True	True
asian girl sucking	USD		100	1,000	Low	0.0																						Non-Brands			False	True	True
asian pretty girl	USD		1,000	10,000	Low	1.0	0.63	1.66																				Non-Brands			False	False	False
asian girls cam	USD		1,000	10,000	Low	22.0	0.74	1.78																				Non-Brands			True	True	True
pretty asian nude	USD		100	1,000	Low	0.0																						Non-Brands		asian nudes	True	True	True
asian naked babes	USD		10	100	Low	0.0																						Non-Brands		asian nudes	True	True	True
nude chinese ladies	USD		100	1,000	Low	0.0																						Non-Brands	chinese	asian nudes	False	True	True
asian lucy lee	USD		100	1,000	Low	0.0																						Non-Brands			True	True	True
beautiful asian girl nude	USD		100	1,000	Low	0.0																						Non-Brands		asian nudes	True	True	True
nice asian girl	USD		100	1,000	Low	5.0																					nice asian				False	False	False
sexy naked chinese	USD		100	1,000	Low	0.0																						Non-Brands	chinese	asian nudes	True	True	True
asian naked ladies	USD		1,000	10,000	Low	0.0																						Non-Brands		asian nudes	True	True	True
sexy chubby asian	USD		100	1,000	Low	0.0																						Non-Brands			True	True	True
drugged chinese girl	USD		10	100	Low	0.0																						Non-Brands	chinese		False	True	True
busty asian cam	USD		100	1,000	Low	5.0																						Non-Brands			False	True	True
busty chinese nude	USD		100	1,000	Low	0.0																						Non-Brands	chinese	asian nudes, tit	True	True	True
cute naked asians	USD		100	1,000	Low	0.0																						Non-Brands		asian nudes	True	True	True
naughty asian girl	USD		100	1,000	Low	6.0	1.17	1.87																				Non-Brands			True	True	True
zexy asian	USD		100	1,000	Low	0.0																						Non-Brands			False	False	False
asian girl blacked	USD		100	1,000	Low	0.0																					blacked				False	True	True
asian sexy woman	USD		10,000	100,000	Low	4.0	1.03	2.39																				Non-Brands			True	False	True
asian sexy baby	USD		10	100	Low	0.0																						Non-Brands			True	True	True
hottest asian nude	USD		100	1,000	Low	0.0																						Non-Brands		asian nudes	True	True	True
asia nude model	USD		10	100	Low	0.0																						Non-Brands		asian nudes	True	True	True
asian girl snapchat	USD		100	1,000	Low	4.0	0.99	1.61																				Non-Brands		snapchat	False	False	False
hot chinese girl nude	USD		100	1,000	Low	0.0																						Non-Brands	chinese	asian nudes	True	True	True
asian with big booty	USD		10,000	100,000	Low	0.0	1.45	2.1																				Non-Brands			True	True	True
chaturbate asian woman	USD		100	1,000	Low	0.0	0.61	1.55																			chaturbate				False	True	True
chaturbate asian females	USD		1,000	10,000	Low	1.0	0.61	0.61																			chaturbate				False	False	False
small asian nude	USD		100	1,000	Low	0.0																						Non-Brands		asian nudes	True	True	True
cute filipina girl	USD		100	1,000	Low	2.0	0.73	1.34																				Non-Brands			False	False	False
beauty asian nude	USD		10	100	Low	0.0																						Non-Brands		asian nudes	True	True	True
chinese girl masterbating	USD		100	1,000	Low	0.0																						Non-Brands	chinese		True	True	True
asian hot chicks	USD		1,000	10,000	Low	3.0	0.87	1.47																				Non-Brands			False	False	False
nude girl chinese	USD		10	100	Low	0.0																						Non-Brands	chinese	asian nudes	True	True	True
asia cams	USD		10,000	100,000	Low	24.0	0.55	1.34																				Non-Brands			False	False	False
asian tits nude	USD		100	1,000	Low	0.0																						Non-Brands		asian nudes, tit	True	True	True
xvideos chinese girl	USD		10	100	Low	0.0																				xvideos		Non-Brands	chinese		True	True	True
young asian big tits	USD		100	1,000	Low	0.0																						Non-Brands		tit	True	True	True
chinese hot sexy girl	USD		100	1,000	Low	2.0																						Non-Brands	chinese		True	False	True
hot asian girl xnxx	USD		10	100	Low	0.0																				xnxx		Non-Brands			True	True	True
nude model chinese	USD		10	100	Low	0.0																						Non-Brands	chinese	asian nudes	True	True	True
asian bikini nude	USD		100	1,000	Low	0.0																						Non-Brands		asian nudes	True	True	True
chinese pretty girl	USD		1,000	10,000	Low	1.0	0.72	2.67																				Non-Brands	chinese		False	False	False
met nude asian	USD		10	100	Low	0.0																						Non-Brands		asian nudes	True	True	True
asian girl big booty	USD		1,000	10,000	Low	1.0	0.9	1.74																				Non-Brands			True	True	True
sexy bikini asian	USD		1,000	10,000	Low	13.0																						Non-Brands			True	False	True
asian nude dancing	USD		100	1,000	Low	0.0																						Non-Brands		asian nudes	True	True	True
little asian nude	USD		100	1,000	Low	0.0																						Non-Brands		asian nudes	True	True	True
asian female nude	USD		1,000	10,000	Low	0.0																						Non-Brands		asian nudes	True	True	True
blonde asian nude	USD		100	1,000	Low	0.0																						Non-Brands		asian nudes	True	False	True
hot asians with big tits	USD		1,000	10,000	Low	0.0																						Non-Brands		tit	True	True	True
asian petite nude	USD		100	1,000	Low	0.0																						Non-Brands		asian nudes	True	True	True
asian beach nude	USD		100	1,000	Low	0.0																						Non-Brands		asian nudes	True	True	True
fat asian nude	USD		100	1,000	Low	0.0																						Non-Brands		asian nudes	True	True	True
chinese babe nude	USD		100	1,000	Low	0.0																						Non-Brands	chinese	asian nudes	True	True	True
young filipina girls	USD		100	1,000	Low	7.0																						Non-Brands			False	False	False
chinese young nude	USD		10	100	Low	0.0																						Non-Brands	chinese	asian nudes	True	True	True
busty asian masturbating	USD		100	1,000	Low	0.0																						Non-Brands			True	True	True
asian girl topless	USD		1,000	10,000	Low	0.0																						Non-Brands		asian nudes	True	True	True
chinese college girls	USD		100	1,000	Low	0.0																						Non-Brands	chinese		True	False	True
ftv girls asian	USD		100	1,000	Low	0.0																					ftv				False	True	True
asian girl live	USD		100	1,000	Low	20.0	0.82	2.05																				Non-Brands			False	False	False
japanese naked ladies	USD		100	1,000	Low	0.0																						Non-Brands	japanese		True	False	True
chinese girl fingering	USD		10	100	Low	0.0																						Non-Brands	chinese		True	True	True
hot asian college girls	USD		100	1,000	Low	0.0																						Non-Brands			False	True	True
young asian girl naked	USD		1,000	10,000	Low	0.0																						Non-Brands		asian nudes	True	True	True
asian girls tribbing	USD		100	1,000	Low	0.0																						Non-Brands			False	True	True
gorgeous asian girl	USD		100	1,000	Low	2.0	1.32	1.59																				Non-Brands			False	False	False
asian baby xnxx	USD		10	100	Low	0.0																				xnxx		Non-Brands			False	True	True
asian teenage girls	USD		1,000	10,000	Low	1.0	1.11	2.89																				Non-Brands			False	False	False
model asian nude	USD		10	100	Low	1.0																						Non-Brands		asian nudes	True	True	True
asian nude amateur	USD		100	1,000	Low	0.0																						Non-Brands		asian nudes	True	True	True
beautiful chinese girl nude	USD		100	1,000	Low	0.0																						Non-Brands	chinese	asian nudes	True	True	True
non nude asian	USD		100	1,000	Low	0.0																						Non-Brands		asian nudes	True	True	True
asian woman masterbating	USD		100	1,000	Low	0.0																						Non-Brands			True	True	True
japan girl peeing	USD		10	100	Low	0.0																						Non-Brands	japanese		False	True	True
asian girl undressing	USD		100	1,000	Low	2.0																						Non-Brands			False	True	True
asian booty nude	USD		100	1,000	Low	0.0																						Non-Brands		asian nudes	True	True	True
asian girls bbc	USD		100	1,000	Low	0.0																					bbc				False	True	True
asian hairy girls	USD		100	1,000	Low	1.0																						Non-Brands			False	True	True
asian nude tits	USD		100	1,000	Low	0.0																						Non-Brands		asian nudes, tit	True	True	True
asian big tits naked	USD		100	1,000	Low	0.0																						Non-Brands		asian nudes, tit	True	True	True
asian sexy ladies	USD		1,000	10,000	Low	4.0	0.63	2.04																				Non-Brands			True	False	True
chinese nude hot	USD		10	100	Low	0.0																						Non-Brands	chinese	asian nudes	True	True	True
submissive asian girl	USD		100	1,000	Low	2.0																						Non-Brands			True	True	True
asian girl interracial	USD		10	100	Low	0.0																						Non-Brands			False	True	True
asian girl and bbc	USD		100	1,000	Low	0.0																					bbc				False	True	True
asian rave girl	USD		100	1,000	Low	0.0																						Non-Brands			False	False	False
asian thick girl	USD		10,000	100,000	Low	1.0	1.14	2.35																				Non-Brands			False	True	True
big asian girl	USD		100	1,000	Low	1.0																						Non-Brands			False	True	True
asian nude sexy	USD		10	100	Low	0.0																						Non-Brands		asian nudes	True	True	True
thick asians naked	USD		1,000	10,000	Low	0.0																						Non-Brands		asian nudes	True	True	True
asian beach girls	USD		100	1,000	Low	1.0																						Non-Brands			False	False	False
fit asian babe	USD		100	1,000	Low	0.0																						Non-Brands			False	True	True
asian nude hot	USD		100	1,000	Low	0.0																						Non-Brands		asian nudes	True	True	True
chubby nude asian	USD		100	1,000	Low	0.0																						Non-Brands		asian nudes	True	True	True
asian college nude	USD		100	1,000	Low	0.0																						Non-Brands		asian nudes	True	True	True
xnxx asian babes	USD		10	100	Low	0.0																				xnxx		Non-Brands			True	True	True
hot asians in bikinis	USD		1,000	10,000	Low	1.0																						Non-Brands			True	False	True
chinese school girl nude	USD		10	100	Low	0.0																					chinese school		chinese	asian nudes	True	True	True
skinny chinese nude	USD		100	1,000	Low	0.0																						Non-Brands	chinese	asian nudes	True	True	True
sexy skinny asian	USD		100	1,000	Low	0.0																						Non-Brands			True	True	True
buff asian girl	USD		100	1,000	Low	0.0																					buff				False	False	False
asian hot sexy girls	USD		1,000	10,000	Low	1.0	0.83	1.76																				Non-Brands			True	False	True
petite nude asian	USD		100	1,000	Low	0.0																						Non-Brands		asian nudes	True	True	True
old asian nude	USD		100	1,000	Low	0.0																						Non-Brands		asian nudes	True	False	True
asian curvy nude	USD		10	100	Low	0.0																					curvy nude			asian nudes, curvy asian	True	True	True
sweet nude asians	USD		10	100	Low	0.0																						Non-Brands		asian nudes	True	True	True
black asian nude	USD		100	1,000	Low	0.0																						Non-Brands		asian nudes	True	True	True
chinese cute nude	USD		10	100	Low	0.0																						Non-Brands	chinese	asian nudes	True	True	True
japanese girl sucking	USD		100	1,000	Low	0.0																						Non-Brands	japanese		False	True	True
vimeo asian nude	USD		10	100	Low	0.0																					vimeo			asian nudes	True	False	True
nude skinny asian	USD		100	1,000	Low	0.0																						Non-Brands		asian nudes	True	True	True
young asian babes	USD		100	1,000	Low	2.0																						Non-Brands			False	True	True
gorgeous asian nude	USD		100	1,000	Low	0.0																						Non-Brands		asian nudes	True	True	True
free nude asian	USD		100	1,000	Low	2.0																						Non-Brands		asian nudes	True	False	True
asian girl amateur	USD		10	100	Low	0.0																						Non-Brands			False	True	True
young asian masturbating	USD		100	1,000	Low	0.0																						Non-Brands			True	True	True
asian amateur girls	USD		100	1,000	Low	0.0																						Non-Brands			True	True	True
asian beauties naked	USD		100	1,000	Low	0.0																						Non-Brands		asian nudes	True	True	True
bbw asian girl	USD		100	1,000	Low	0.0																						Non-Brands			False	True	True
girlsdoporn asian girl	USD		100	1,000	Low	0.0																						Non-Brands			False	True	True
sexy lesbian asians	USD		1,000	10,000	Low	0.0																						Non-Brands			True	True	True
asia girl sexy	USD		10	100	Low	0.0																						Non-Brands			True	False	True
pinay girl filipina	USD		10	100	Unknown																							Non-Brands			False	False	False
asian girl huge tits	USD		100	1,000	Low	0.0																						Non-Brands		tit	True	True	True
american asian nude	USD		100	1,000	Low	0.0																						Non-Brands		asian nudes	True	True	True
vintage asian nude	USD		100	1,000	Low	0.0																						Non-Brands		asian nudes	True	True	True
model nude asian	USD		10	100	Low	0.0																						Non-Brands		asian nudes	True	True	True
erotic asian babes	USD		10	100	Low	1.0																						Non-Brands			True	True	True
hot sexy filipina	USD		10	100	Low	2.0																						Non-Brands			True	False	True
chinese nude beauty	USD		10	100	Low	0.0																						Non-Brands	chinese	asian nudes	False	True	True
