Keyword	Currency	Avg. monthly searches	Min search volume	Max search volume	Competition	Competition (indexed value)	Top of page bid (low range)	Top of page bid (high range)	Ad impression share	Organic impression share	Organic average position	In account?	In plan?	Searches: Jul 2019	Searches: Aug 2019	Searches: Sep 2019	Searches: Oct 2019	Searches: Nov 2019	Searches: Dec 2019	Searches: Jan 2020	Searches: Feb 2020	Searches: Mar 2020	Searches: Apr 2020	Searches: May 2020	Searches: Jun 2020	Concept: Other Brands	Concept: Non-Brands	Concept: Language	Concept: Others	Google_Adult	SERP_Adult	All_Adult
asian boys	USD		10,000	100,000	Low	0.0	1.3	2.72																						False	False	False
gay asian boys	USD		1,000	10,000	Low	0.0																					Non-Brands			False	True	True
cute asian boys	USD		1,000	10,000	Low	0.0																					Non-Brands			False	False	False
asian boy models	USD		100	1,000	Low	3.0	2.89	6.5																			Non-Brands			False	True	True
naked asian boys	USD		1,000	10,000	Low	0.0																					Non-Brands			True	True	True
chinese gay boy	USD		100	1,000	Low	0.0																					Non-Brands	chinese		True	True	True
asian gay teen	USD		100	1,000	Low	0.0	2.05	3.42																			Non-Brands			False	True	True
hot asian boy	USD		1,000	10,000	Low	0.0																					Non-Brands			False	True	True
asian boy nude	USD		1,000	10,000	Low	0.0																					Non-Brands			True	True	True
asian slave boy	USD		100	1,000	Low	0.0																					Non-Brands			False	True	True
asian boy tumblr	USD		100	1,000	Low	0.0																				tumblr				False	False	False
hot asian guys tumblr	USD		100	1,000	Low	0.0																				tumblr				False	False	False
young thai ladyboy	USD		100	1,000	Low	0.0																					Non-Brands	thai		False	True	True
asian boy feet	USD		100	1,000	Low	0.0																					Non-Brands			False	False	False
young gay asian boys	USD		100	1,000	Low	0.0																					Non-Brands			False	True	True
sexy asian boys	USD		100	1,000	Low	0.0																					Non-Brands			True	False	True
asian guy naked	USD		1,000	10,000	Low	0.0																					Non-Brands			True	False	True
asian guys tumblr	USD		100	1,000	Low	0.0																				tumblr				False	False	False
naked chinese boys	USD		100	1,000	Low	0.0																					Non-Brands	chinese		True	True	True
chinese teen gay	USD		10	100	Low	1.0																					Non-Brands	chinese		True	False	True
korean boy masturbating	USD		10	100	Low	0.0																					Non-Brands	korean		True	True	True
asian guy nude	USD		100	1,000	Low	0.0																					Non-Brands			True	True	True
naked korean boy	USD		100	1,000	Low	0.0																					Non-Brands	korean		True	True	True
asian boy bondage	USD		10	100	Low	0.0																					Non-Brands			False	True	True
asian boy heaven	USD		10	100	Low	1.0																				asian boys heaven				False	False	False
korean guy naked	USD		100	1,000	Low	0.0																					Non-Brands	korean		True	True	True
naked chinese boy	USD		100	1,000	Low	0.0																					Non-Brands	chinese		False	True	True
young asian boy	USD		100	1,000	Low	0.0																					Non-Brands			False	False	False
thai gay teen	USD		10	100	Low	4.0																					Non-Brands	thai		False	True	True
gay asian cute	USD		10	100	Low	0.0																					Non-Brands			False	True	True
asian boy nation	USD		10	100	Low	1.0																				asian boy nation				False	False	False
nude thai boys	USD		100	1,000	Low	0.0																					Non-Brands	thai		True	True	True
asian teen gay tube	USD		10	100	Low	0.0																					Non-Brands			False	True	True
asian boy masturbating	USD		100	1,000	Low	0.0																					Non-Brands			True	True	True
only asian boy	USD		10	100	Low	0.0																					Non-Brands			False	False	False
nude chinese boys	USD		100	1,000	Low	0.0																					Non-Brands	chinese		True	True	True
nude korean boys	USD		100	1,000	Low	0.0																					Non-Brands	korean		True	True	True
asianboysex	USD		10	100	Low	0.0																					Non-Brands			False	True	True
korean guy nude	USD		100	1,000	Low	0.0																					Non-Brands	korean		True	True	True
asianboynation	USD		10	100	Low	0.0																				asian boy nation				False	False	False
gay cute asian	USD		10	100	Low	0.0																					Non-Brands			False	True	True
asian boys love	USD		10	100	Low	0.0																					Non-Brands			False	False	False
asian gay cute	USD		100	1,000	Low	0.0																					Non-Brands			False	False	False
hot gay asian guys	USD		100	1,000	Low	0.0																					Non-Brands			False	True	True
thai boy naked	USD		10	100	Low	0.0																					Non-Brands	thai		True	True	True
thai boys nude	USD		100	1,000	Low	0.0																					Non-Brands	thai		True	True	True
gay asian teen boys	USD		100	1,000	Low	0.0																					Non-Brands			False	True	True
asian male model nude	USD		100	1,000	Low	0.0																					Non-Brands			True	True	True
chubby asian boy	USD		100	1,000	Low	0.0																					Non-Brands			False	True	True
naked thai boy	USD		100	1,000	Low	0.0																					Non-Brands	thai		True	True	True
skinny asian boy	USD		100	1,000	Low	0.0																					Non-Brands			False	True	True
gay asian boy tube	USD		10	100	Low	0.0																					Non-Brands			False	True	True
teen asian boy	USD		1,000	10,000	Low	0.0																					Non-Brands			False	True	True
naked asian guys tumblr	USD		10	100	Low	0.0																				tumblr				True	False	True
boy thai gay	USD		10	100	Unknown																						Non-Brands	thai		False	True	True
boy asian nude	USD		10	100	Low	0.0																					Non-Brands			True	True	True
asian boy slave	USD		10	100	Low	0.0																					Non-Brands			False	True	True
asianboysinpain	USD		10	100	Low	0.0																					Non-Brands			False	False	False
chinese boy tumblr	USD		10	100	Low	0.0																				tumblr		chinese		False	False	False
asian boys masturbating	USD		10	100	Low	0.0																					Non-Brands			True	True	True
asian boy cam	USD		100	1,000	Low	2.0																					Non-Brands			False	True	True
asianboy18	USD		10	100	Low	0.0																					Non-Brands			False	False	False
hot asian boys tumblr	USD		10	100	Low	0.0																				tumblr				False	False	False
naked asian teen boys	USD		100	1,000	Low	0.0																					Non-Brands			True	True	True
naked asian male models	USD		100	1,000	Low	0.0																					Non-Brands			True	False	True
asianboyporn	USD		10	100	Low	0.0																					Non-Brands			False	True	True
gay asian teen tube	USD		10	100	Low	0.0																					Non-Brands			False	True	True
gay chinese teen	USD		10	100	Low	0.0																					Non-Brands	chinese		True	True	True
asianboyxxx	USD		10	100	Low	0.0																					Non-Brands			False	True	True
naked asian boys tumblr	USD		10	100	Low	0.0																				tumblr				True	False	True
asian muscle boys	USD		10	100	Low	0.0																					Non-Brands			False	False	False
chinese cute gay	USD		10	100	Low	0.0																					Non-Brands	chinese		True	True	True
young gay chinese boys	USD		10	100	Low	1.0																					Non-Brands	chinese		True	True	True
skinny asian gay	USD		10	100	Low	0.0																					Non-Brands			False	True	True
gay teen asian boys	USD		10	100	Low	0.0																					Non-Brands			False	True	True
daddy and asian boy	USD		10	100	Low	0.0																					Non-Brands			False	True	True
asian bottom boy	USD		10	100	Low	0.0																					Non-Brands			False	True	True
small asian boy	USD		100	1,000	Low	0.0																					Non-Brands			False	False	False
hung asian boy	USD		100	1,000	Low	0.0																					Non-Brands			False	True	True
teen asian gay tube	USD		10	100	Low	0.0																					Non-Brands			False	True	True
boy18tube asian	USD		10	100	Low	0.0																				boy 18 tube				False	True	True
young asian gay tube	USD		10	100	Low	0.0																					Non-Brands			False	True	True
nude asian teen boys	USD		10	100	Low	0.0																					Non-Brands			True	True	True
asian fresh boyz	USD		10	100	Low	0.0																				asian boyz				False	False	False
gay teen korean	USD		10	100	Low	0.0																					Non-Brands	korean		False	True	True
hot naked asian boys	USD		10	100	Low	0.0																					Non-Brands			True	True	True
daddy asian boy	USD		10	100	Low	0.0																					Non-Brands			False	True	True
beautiful asian boys	USD		10	100	Low	1.0																					Non-Brands			False	False	False
nude chinese guys	USD		10	100	Low	0.0																					Non-Brands	chinese		True	True	True
pretty asian boy	USD		100	1,000	Low	1.0																					Non-Brands			False	False	False
nude korean guy	USD		10	100	Low	0.0																					Non-Brands	korean		True	True	True
cute asian gay boys	USD		100	1,000	Low	0.0																					Non-Brands			False	True	True
asian gay teen tube	USD		10	100	Low	0.0																					Non-Brands			False	True	True
cute asian teen boys	USD		100	1,000	Low	0.0																					Non-Brands			False	True	True
hot gay asian boys	USD		10	100	Low	0.0																					Non-Brands			False	True	True
sexy chinese boy	USD		10	100	Low	0.0																					Non-Brands	chinese		False	True	True
korean boys masturbating	USD		100	1,000	Low	0.0																					Non-Brands	korean		True	True	True
hot asian boys naked	USD		10	100	Low	0.0																					Non-Brands			True	True	True
young chinese gay boys	USD		10	100	Low	2.0																					Non-Brands	chinese		True	True	True
sexy young ladyboy	USD		10	100	Low	1.0																					Non-Brands			True	False	True
cute boy asian	USD		100	1,000	Low	0.0																					Non-Brands			False	False	False
asian rent boy	USD		10	100	Low	0.0																					Non-Brands			False	True	True
asian boys in speedos	USD		100	1,000	Low	0.0																				speedo				False	False	False
gayboyasian	USD		10	100	Low	0.0																					Non-Brands			False	False	False
asian boys making out	USD		10	100	Low	0.0																					Non-Brands			False	True	True
horny asian boy	USD		10	100	Low	0.0																					Non-Brands			True	True	True
breeding asian boy	USD		10	100	Low	0.0																					Non-Brands			False	True	True
straight asian boys	USD		10	100	Low	0.0																					Non-Brands			False	True	True
asianboytoys	USD		10	100	Low	0.0																					Non-Brands			False	True	True
asian boy abs	USD		10	100	Low	0.0																					Non-Brands			False	False	False
asian boy daddy	USD		10	100	Low	0.0																					Non-Brands			False	True	True
chinese boy masturbating	USD		10	100	Low	0.0																					Non-Brands	chinese		True	True	True
asian school boy	USD		10	100	Low	3.0																					Non-Brands			False	False	False
thai lady boy xnxx	USD		10	100	Low	0.0																					Non-Brands	thai	xnxx	False	True	True
asian gay boy tumblr	USD		10	100	Low	0.0																				tumblr				False	False	False
asian boy spy	USD		10	100	Low	0.0																					Non-Brands			False	True	True
boy thai tube	USD		10	100	Low	0.0																					Non-Brands	thai		False	True	True
asian girly boys	USD		10	100	Low	0.0																					Non-Brands		girly boys	False	True	True
nude asian guys tumblr	USD		10	100	Low	0.0																				tumblr				True	False	True
two beautiful asian boys	USD		10	100	Low	0.0																					Non-Brands			False	True	True
asian money boy	USD		10	100	Low	0.0																					Non-Brands			False	True	True
nude asian boys tumblr	USD		10	100	Low	0.0																				tumblr				True	False	True
xnxx thai lady boy	USD		10	100	Low	0.0																					Non-Brands	thai	xnxx	False	True	True
xnxxgay asian	USD		0	10	Unknown																						Non-Brands		xnxx	True	True	True
cute asian boys tumblr	USD		10	100	Low	0.0																				tumblr				False	False	False
asianboyssex	USD		10	100	Unknown																						Non-Brands			False	True	True
gay asian boy tumblr	USD		10	100	Low	0.0																				tumblr				False	False	False
asianboyspenis	USD		0	10	Unknown																						Non-Brands			True	True	True
asian boy bulge	USD		10	100	Low	0.0																				boy bulge				False	True	True
chinese gay boy tube	USD		10	100	Low	0.0																					Non-Brands	chinese		False	True	True
asian boy in pain	USD		10	100	Low	0.0																					Non-Brands			False	True	True
skinny gay asian	USD		10	100	Low	0.0																					Non-Brands			False	True	True
asian boy fisting	USD		10	100	Low	0.0																					Non-Brands			True	True	True
sexy asian guys tumblr	USD		10	100	Low	0.0																				tumblr				True	False	True
gay 18 asian	USD		10	100	Low	0.0																					Non-Brands			False	True	True
naked gay asian boys	USD		10	100	Low	0.0																					Non-Brands			True	True	True
smooth asian boy	USD		10	100	Low	0.0																					Non-Brands			False	True	True
muscle asian boy	USD		10	100	Low	0.0																					Non-Brands			False	True	True
asian gay teen boy	USD		10	100	Low	0.0																					Non-Brands			True	True	True
cute asian boy nude	USD		10	100	Low	0.0																					Non-Brands	chinese		True	True	True
asian boy masterbating	USD		10	100	Low	0.0																					Non-Brands			True	True	True
naked chinese male model	USD		10	100	Low	0.0																					Non-Brands	chinese		True	True	True
naked teen asian boy	USD		10	100	Low	0.0																					Non-Brands	chinese		True	True	True
asian call boy	USD		10	100	Low	2.0																					Non-Brands			False	True	True
young naked asian boys	USD		100	1,000	Low	0.0																					Non-Brands			True	True	True
cute asian boy naked	USD		10	100	Low	0.0																					Non-Brands			True	True	True
gay chinese cute	USD		10	100	Low	0.0																					Non-Brands	chinese		True	True	True
asian boy tubes	USD		100	1,000	Low	0.0																					Non-Brands			False	True	True
asian gogo boy	USD		10	100	Low	0.0																					Non-Brands			False	True	True
gay asian boys kissing	USD		10	100	Low	0.0																					Non-Brands			False	True	True
asianboyfuck	USD		10	100	Low	0.0																					Non-Brands			False	True	True
asian boy 18 tube	USD		10	100	Low	0.0																				boy 18 tube				False	True	True
thai teen gay tube	USD		10	100	Low	0.0																					Non-Brands	thai		False	True	True
asian boy breeding	USD		10	100	Low	0.0																					Non-Brands			False	True	True
asian boy speedo	USD		10	100	Low	0.0																				speedo				False	True	True
asian boy bbc	USD		10	100	Low	0.0																				bbc				False	False	False
asian boy bottom	USD		10	100	Low	1.0																					Non-Brands			False	True	True
asian diaper boy	USD		10	100	Low	0.0																					Non-Brands			False	False	False
korean male model naked	USD		10	100	Low	0.0																					Non-Brands	korean		True	False	True
cute asian gay tube	USD		10	100	Low	0.0																					Non-Brands			False	True	True
asian boy erotic	USD		10	100	Low	0.0																					Non-Brands			True	True	True
thai gay boy tube	USD		10	100	Low	0.0																					Non-Brands	thai		False	True	True
thai teen gay boy	USD		10	100	Low	0.0																					Non-Brands	thai		False	True	True
cute asian guys tumblr	USD		10	100	Low	0.0																				tumblr				False	False	False
asian boy kissing	USD		100	1,000	Low	0.0																					Non-Brands			False	False	False
nude boys asian	USD		10	100	Low	0.0																					Non-Brands			True	True	True
tiny asian boy	USD		10	100	Low	0.0																					Non-Brands			False	True	True
young nude asian boys	USD		10	100	Low	0.0																					Non-Brands			True	True	True
emo asian boy	USD		100	1,000	Low	0.0																					Non-Brands			False	True	True
asian emo boy	USD		10	100	Low	0.0																					Non-Brands			False	True	True
gay boy tube asian	USD		10	100	Low	0.0																					Non-Brands			False	True	True
sexy asian guys naked	USD		10	100	Low	0.0																					Non-Brands			True	False	True
asian teen gay tumblr	USD		10	100	Low	0.0																				tumblr				False	False	False
asian straight boys	USD		10	100	Low	0.0																					Non-Brands			False	True	True
gay thai money boy	USD		10	100	Low	0.0																					Non-Brands	thai		False	True	True
asian gay sissy	USD		10	100	Low	0.0																					Non-Brands			False	True	True
cute asian boys kissing	USD		10	100	Low	0.0																					Non-Brands			False	False	False
chinese boy gay tube	USD		10	100	Unknown																						Non-Brands	chinese		False	True	True
gay asian guys tumblr	USD		10	100	Low	0.0																				tumblr				False	False	False
gay asian male feet	USD		10	100	Low	1.0																				male feet				False	True	True
korean teen boy nude	USD		10	100	Low	0.0																					Non-Brands	korean		True	True	True
asian boy and daddy	USD		10	100	Low	0.0																					Non-Brands			False	True	True
asian boy interracial	USD		10	100	Low	0.0																					Non-Brands			False	True	True
hairy asian boys	USD		10	100	Low	0.0																					Non-Brands			False	True	True
asian boys sucking	USD		10	100	Low	0.0																					Non-Brands			False	True	True
young gay boy asian	USD		10	100	Unknown																						Non-Brands			False	True	True
young asian boy nude	USD		10	100	Low	0.0																					Non-Brands			True	True	True
cute asian boy tube	USD		10	100	Low	0.0																					Non-Brands			False	True	True
cute chinese gay boy	USD		10	100	Low	0.0																					Non-Brands	chinese		True	True	True
chinese teen gay tube	USD		10	100	Low	0.0																					Non-Brands	chinese		False	True	True
teen gay boy asian	USD		10	100	Unknown																						Non-Brands			False	True	True
straight asian boyz	USD		10	100	Low	0.0																				asian boyz				False	True	True
cute naked asian boys	USD		10	100	Low	0.0																					Non-Brands			True	True	True
sissy asian boy	USD		10	100	Low	0.0																					Non-Brands			False	True	True
teen boy asian gay	USD		10	100	Low	0.0																					Non-Brands			True	True	True
asian boy naked tumblr	USD		10	100	Low	0.0																				tumblr				True	False	True
chinese guys tumblr	USD		10	100	Low	0.0																				tumblr		chinese		True	False	True
asian boy first time	USD		10	100	Low	1.0																					Non-Brands			False	True	True
sweet asian gay	USD		10	100	Low	9.0																					Non-Brands			False	True	True
free asian gay boys	USD		10	100	Unknown																						Non-Brands			False	True	True
asian boys are yummy	USD		10	100	Low	0.0																					Non-Brands			False	False	False
bigdickasianboy	USD		0	10	Unknown																						Non-Brands			False	True	True
boy asian naked	USD		10	100	Unknown																						Non-Brands			True	True	True
spy asian boy	USD		10	100	Unknown																						Non-Brands			False	True	True
nude chinese male model	USD		10	100	Low	0.0																					Non-Brands	chinese		True	True	True
asian boy spy cam	USD		10	100	Low	0.0																					Non-Brands			False	True	True
asian boy muscle	USD		10	100	Low	0.0																					Non-Brands			False	True	True
gay naked asian boys	USD		10	100	Low	0.0																					Non-Brands			True	True	True
smooth asian gay	USD		10	100	Low	6.0																					Non-Brands			False	True	True
hot naked korean boys	USD		10	100	Low	0.0																					Non-Brands	korean		True	True	True
xhamster asian boy	USD		10	100	Low	0.0																					Non-Brands			False	True	True
asianboyfeet	USD		1,000	10,000	Low	0.0																					Non-Brands			False	False	False
asian gay boy nude	USD		10	100	Low	0.0																					Non-Brands			True	True	True
asian lady boy xnxx	USD		10	100	Low	0.0																					Non-Brands		xnxx	False	True	True
uncut asian boys	USD		10	100	Low	0.0																					Non-Brands			False	True	True
tumblr korean guy	USD		10	100	Low	0.0																				tumblr		korean		False	False	False
teen boy gay asian	USD		10	100	Unknown																						Non-Brands			True	True	True
asian school boy gay	USD		10	100	Low	0.0																					Non-Brands			False	True	True
hottest asian boys	USD		10	100	Low	0.0																					Non-Brands			False	False	False
sweet asian boys	USD		10	100	Low	1.0																					Non-Brands			False	True	True
asianboyhole	USD		10	100	Low	0.0																					Non-Brands			False	True	True
sexy naked asian boys	USD		10	100	Low	0.0																					Non-Brands			True	True	True
thai gay teen boys	USD		10	100	Low	0.0																					Non-Brands	thai		False	True	True
oriental gay boys	USD		10	100	Low	0.0																					Non-Brands			False	True	True
chinese gay male tube	USD		10	100	Unknown																						Non-Brands	chinese		False	False	False
slim asian gay	USD		10	100	Low	0.0																					Non-Brands			False	True	True
young asian boys masturbating	USD		10	100	Low	0.0																					Non-Brands			True	True	True
young gay boys asian	USD		10	100	Low	0.0																					Non-Brands			False	True	True
naked gay asian guys	USD		10	100	Low	0.0																					Non-Brands			True	True	True
asian boys xvideo	USD		10	100	Low	0.0																					Non-Brands		xvideo	False	True	True
cute teen asian boys	USD		10	100	Low	0.0																					Non-Brands			False	True	True
young gay asian tube	USD		10	100	Low	5.0																					Non-Brands			False	True	True
thai teen gay movies	USD		10	100	Unknown																						Non-Brands	thai		False	True	True
asian emo gay	USD		10	100	Low	0.0																					Non-Brands			False	True	True
hot asian boy nude	USD		10	100	Low	0.0																					Non-Brands			True	True	True
chinese gay teen boys	USD		10	100	Low	0.0																					Non-Brands	chinese		True	True	True
xvideo gay teen asian	USD		10	100	Low	0.0																					Non-Brands		xvideo	False	True	True
nude male asian models	USD		10	100	Low	0.0																					Non-Brands			True	True	True
very teen ladyboy	USD		10	100	Low	0.0																					Non-Brands			False	False	False
young asian boy masturbating	USD		10	100	Low	0.0																					Non-Brands			True	True	True
nude gay asian boys	USD		10	100	Low	0.0																					Non-Brands			True	True	True
chinese boy bondage	USD		10	100	Low	0.0																					Non-Brands	chinese		True	True	True
gay teen boys asian	USD		10	100	Low	0.0																					Non-Brands			False	True	True
hot nude asian boys	USD		10	100	Low	0.0																					Non-Brands			True	True	True
xvideos gay asian boy	USD		10	100	Low	0.0																					Non-Brands		xvideo	True	True	True
cute asian teen gay	USD		10	100	Low	0.0																					Non-Brands			False	True	True
sexboyasian	USD		10	100	Unknown																						Non-Brands			True	True	True
slim asian boy	USD		10	100	Low	0.0																					Non-Brands			False	True	True
teen asian boy nude	USD		10	100	Low	0.0																					Non-Brands			True	True	True
chaturbate asian boy	USD		10	100	Low	0.0																				chaturbate				False	True	True
china gay boy tube	USD		10	100	Unknown																						Non-Brands	chinese		False	True	True
chinese boy spy cam	USD		10	100	Low	0.0																					Non-Brands	chinese		False	True	True
breeding the asian boy	USD		10	100	Low	0.0																					Non-Brands			False	True	True
asian boy thong	USD		10	100	Low	0.0																					Non-Brands			False	False	False
skinny chinese boy	USD		10	100	Low	0.0																					Non-Brands	chinese		False	True	True
bondage asian boy	USD		10	100	Low	0.0																					Non-Brands			False	True	True
sexy gay asian boys	USD		10	100	Low	0.0																					Non-Brands			True	True	True
asian gay teen tumblr	USD		10	100	Low	0.0																				tumblr				False	False	False
asiangayboysex	USD		10	100	Unknown																						Non-Brands			False	True	True
hot naked asian guys tumblr	USD		10	100	Low	0.0																				tumblr				True	False	True
asian hunk boy	USD		10	100	Unknown																						Non-Brands			False	True	True
young thai gays	USD		10	100	Low	0.0																					Non-Brands	thai		False	True	True
cute gay asian guys	USD		10	100	Low	0.0																					Non-Brands			False	False	False
gay teens asian	USD		100	1,000	Low	0.0																					Non-Brands			False	True	True
asian muscular guys	USD		100	1,000	Low	0.0																					Non-Brands			False	False	False
gay asian guys kissing	USD		10	100	Low	0.0																					Non-Brands			False	True	True
teen gay asian tube	USD		10	100	Low	0.0																					Non-Brands			False	True	True
asianboysporn	USD		10	100	Unknown																						Non-Brands			False	True	True
teen gay asian boys	USD		10	100	Low	0.0																					Non-Brands			False	True	True
gay asian skinny	USD		10	100	Low	2.0																					Non-Brands			False	True	True
smooth gay asian	USD		10	100	Low	0.0																					Non-Brands			False	True	True
chinese cute gay boy	USD		10	100	Low	0.0																					Non-Brands	chinese		True	True	True
fisting asian boy	USD		10	100	Low	0.0																					Non-Brands			True	True	True
gay asian boyz	USD		10	100	Low	0.0																				asian boyz				False	True	True
asian college boys	USD		10	100	Low	0.0																					Non-Brands			False	False	False
asian boys making love	USD		10	100	Low	0.0																					Non-Brands			True	True	True
boysexboy asian	USD		0	10	Unknown																						Non-Brands			False	True	True
gay asian boys naked	USD		10	100	Low	0.0																					Non-Brands			True	True	True
naked chinese teen boys	USD		10	100	Low	0.0																					Non-Brands	chinese		True	True	True
gay asian slave boy	USD		10	100	Low	0.0																					Non-Brands			False	True	True
asianboyinpain	USD		10	100	Unknown																						Non-Brands			False	True	True
asian boy chaturbate	USD		10	100	Low	0.0																				chaturbate				False	True	True
xnxx gay asian boys	USD		10	100	Low	0.0																					Non-Brands		xnxx	True	True	True
young asian boy tube	USD		10	100	Low	0.0																					Non-Brands			False	True	True
asian panty boy	USD		10	100	Low	1.0																					Non-Brands			False	True	True
asian teen gay tubes	USD		10	100	Low	0.0																					Non-Brands			False	True	True
nude asian gay boys	USD		10	100	Low	0.0																					Non-Brands			True	True	True
hot korean boy nude	USD		10	100	Low	0.0																					Non-Brands	korean		True	True	True
naked hot asian guy	USD		10	100	Low	0.0																					Non-Brands			True	False	True
korean gay young	USD		10	100	Low	0.0																					Non-Brands	korean		False	True	True
asian straight guy	USD		10	100	Low	0.0																					Non-Brands			False	True	True
sexy asian teen boys	USD		10	100	Low	1.0																					Non-Brands			True	True	True
skinny thai boy	USD		10	100	Low	0.0																					Non-Brands	thai		False	True	True
asian boyz gay	USD		10	100	Unknown																					asian boyz				False	True	True
asian gay boys kissing	USD		10	100	Low	0.0																					Non-Brands			False	True	True
asian toyboy	USD		10	100	Low	0.0																					Non-Brands			False	True	True
gay boy asian tumblr	USD		10	100	Unknown																					tumblr				False	False	False
asianboyerotic	USD		10	100	Unknown																						Non-Brands			False	False	False
sexy asian gay boys	USD		10	100	Low	0.0																					Non-Brands			True	True	True
cute asian gay guys	USD		10	100	Low	0.0																					Non-Brands			False	False	False
nude young asian boys	USD		10	100	Low	0.0																					Non-Brands			True	True	True
tube asian boy	USD		10	100	Unknown																						Non-Brands			False	True	True
hot gay boy asian	USD		10	100	Low	0.0																					Non-Brands			False	True	True
nude korean male models	USD		10	100	Low	0.0																					Non-Brands	korean		True	True	True
thai gay teen tube	USD		10	100	Unknown																						Non-Brands	thai		False	True	True
asian cute boy nude	USD		10	100	Unknown																						Non-Brands	chinese		True	True	True
hot nude korean guys	USD		10	100	Low	0.0																					Non-Brands	korean		True	True	True
chinese male models nude	USD		10	100	Low	0.0																					Non-Brands	chinese		True	True	True
cute chinese teen boy	USD		10	100	Low	0.0																					Non-Brands	chinese		True	True	True
hot asian teen gay	USD		10	100	Low	0.0																					Non-Brands			False	True	True
young asian boys tumblr	USD		10	100	Low	0.0																				tumblr				False	False	False
gay asian muscle boys	USD		10	100	Low	0.0																					Non-Brands			False	True	True
gay boy asin	USD		10	100	Unknown																						Non-Brands			False	True	True
asian guy teen	USD		10	100	Low	0.0																					Non-Brands			False	False	False
korean boy nude tumblr	USD		10	100	Unknown																					tumblr		korean		True	False	True
hot muscle asian guy	USD		10	100	Low	1.0																					Non-Brands			False	False	False
asian boy model nude	USD		10	100	Low	0.0																					Non-Brands			True	True	True
cute little asian boys	USD		10	100	Low	0.0																					Non-Brands			False	False	False
naked korean teen boy	USD		10	100	Low	0.0																					Non-Brands	korean		True	True	True
asianboys tube	USD		10	100	Low	0.0																					Non-Brands			False	True	True
tumblr gay asian boys	USD		10	100	Low	0.0																				tumblr				False	False	False
gay nude asian boys	USD		10	100	Low	0.0																					Non-Brands			True	True	True
xnxx asian lady boy	USD		0	10	Unknown																						Non-Brands		xnxx	False	True	True
asian boy erection	USD		10	100	Low	0.0																					Non-Brands			True	True	True
hot gay asian teens	USD		10	100	Low	0.0																					Non-Brands			False	True	True
asian boy models gay	USD		10	100	Low	0.0																					Non-Brands			False	True	True
sexy gay asian guys	USD		10	100	Low	0.0																					Non-Brands			True	False	True
asian boy slaves	USD		10	100	Low	0.0																					Non-Brands			False	False	False
lady boy korean	USD		10	100	Low	2.0																					Non-Brands	korean		False	True	True
nude japanese teen boys	USD		10	100	Unknown																						Non-Brands	japanese		True	True	True
cute asian guys kissing	USD		10	100	Low	0.0																					Non-Brands			False	False	False
gay asian cute boy	USD		10	100	Low	0.0																					Non-Brands			False	True	True
two asian boys	USD		10	100	Low	0.0																					Non-Brands			False	False	False
xnxx lady boy asian	USD		0	10	Unknown																						Non-Brands		xnxx	False	True	True
gay asian boy nude	USD		10	100	Low	0.0																					Non-Brands			True	True	True
gay asian money boy	USD		10	100	Low	0.0																					Non-Brands	chinese		False	True	True
i love asian boy	USD		10	100	Low	7.0																					Non-Brands			False	False	False
free gay asian boys	USD		10	100	Low	4.0																					Non-Brands			False	True	True
thai teen boys nude	USD		10	100	Low	0.0																					Non-Brands	thai		True	True	True
asian chubby boy tumblr	USD		10	100	Unknown																					tumblr				False	False	False
gay asian guys naked	USD		10	100	Low	0.0																					Non-Brands			True	True	True
shaved asian boys	USD		10	100	Low	0.0																					Non-Brands			False	True	True
amateur asian boy	USD		10	100	Low	0.0																					Non-Brands			False	True	True
asian boys in briefs	USD		10	100	Low	1.0																					Non-Brands			False	False	False
asian guy boy	USD		10	100	Unknown																						Non-Brands			False	False	False
hot asian boys kissing	USD		10	100	Low	0.0																					Non-Brands			False	True	True
sexy asian boy tumblr	USD		10	100	Low	0.0																				tumblr				True	False	True
cute nude asian boys	USD		10	100	Low	0.0																					Non-Brands			True	True	True
naked hot asian boys	USD		10	100	Low	0.0																					Non-Brands			True	True	True
thai ladyboy is more submissive boy	USD		10	100	Unknown																						Non-Brands	thai		True	False	True
asian boy blogspot	USD		0	10	Unknown																						Non-Brands			False	False	False
cute boy gay asian	USD		10	100	Unknown																						Non-Brands			False	True	True
little asian gay boys	USD		10	100	Low	0.0																					Non-Brands			False	True	True
asian boy white man	USD		10	100	Low	8.0																					Non-Brands			False	True	True
gay asian boys in pain	USD		10	100	Low	0.0																					Non-Brands			False	True	True
nude male model asian	USD		10	100	Low	0.0																					Non-Brands			True	True	True
hot nude korean boys	USD		10	100	Low	0.0																					Non-Brands	korean		True	True	True
model asian boy	USD		10	100	Low	0.0																					Non-Brands			False	False	False
asian boy teen gay	USD		10	100	Low	0.0																					Non-Brands			False	True	True
boys nude asian	USD		10	100	Low	0.0																					Non-Brands			True	True	True
gay asian boy feet	USD		10	100	Low	0.0																				male feet				False	True	True
shy asian boy	USD		10	100	Low	0.0																					Non-Brands			False	False	False
thai lady boy sexy	USD		100	1,000	Low	0.0																					Non-Brands	thai		True	True	True
nude hot asian guys	USD		10	100	Low	0.0																					Non-Brands	chinese		True	False	True
tight asian boy	USD		10	100	Low	0.0																					Non-Brands			False	True	True
asian cute boy naked	USD		10	100	Unknown																						Non-Brands	chinese		True	True	True
gay asian school boy	USD		0	10	Unknown																						Non-Brands			False	True	True
asiansex boy	USD		0	10	Unknown																						Non-Brands			True	True	True
horny chinese boy	USD		10	100	Low	0.0																					Non-Brands	chinese		True	True	True
teen asian guy	USD		10	100	Low	0.0																					Non-Brands			False	False	False
asian boy rimming	USD		10	100	Low	0.0																					Non-Brands			True	True	True
thicc asian boy	USD		10	100	Low	0.0																					Non-Brands			False	False	False
asian boy movies	USD		10	100	Low	5.0																					Non-Brands			False	True	True
asian young guy	USD		10	100	Low	0.0																					Non-Brands			False	False	False
chinese male models naked	USD		10	100	Low	0.0																					Non-Brands	chinese		True	True	True
gay boys asian tube	USD		10	100	Low	0.0																					Non-Brands			False	True	True
hot asian boy masturbating	USD		10	100	Low	0.0																					Non-Brands			True	True	True
korean boy bondage	USD		10	100	Low	0.0																					Non-Brands	korean		False	True	True
gay emo asian	USD		10	100	Low	0.0																					Non-Brands			False	True	True
asian boys on tumblr	USD		10	100	Low	0.0																				tumblr				False	False	False
chinese gay boys tumblr	USD		10	100	Unknown																					tumblr		chinese		True	False	True
korean nude males	USD		100	1,000	Low	0.0																					Non-Brands	korean		True	True	True
