Keyword	Currency	Avg. monthly searches	Min search volume	Max search volume	Competition	Competition (indexed value)	Top of page bid (low range)	Top of page bid (high range)	Ad impression share	Organic impression share	Organic average position	In account?	In plan?	Searches: Jul 2019	Searches: Aug 2019	Searches: Sep 2019	Searches: Oct 2019	Searches: Nov 2019	Searches: Dec 2019	Searches: Jan 2020	Searches: Feb 2020	Searches: Mar 2020	Searches: Apr 2020	Searches: May 2020	Searches: Jun 2020	Concept: Social Media	Concept: Other Brands	Concept: Non-Brands	Concept: Others	Google_Adult	SERP_Adult	All_Adult
latina girls	USD		10,000	100,000	Low	4.0	0.86	2.26																						False	False	False
latina nude	USD		10,000	100,000	Low	0.0																						Non-Brands	naked girl	True	True	True
latina cam	USD		1,000	10,000	Low	9.0	0.98	2.0																				Non-Brands		True	True	True
hot latina girls	USD		1,000	10,000	Low	2.0	1.03	2.51																				Non-Brands		False	False	False
naked latina girls	USD		10,000	100,000	Low	0.0																						Non-Brands	naked girl	True	True	True
sexy latina girls	USD		1,000	10,000	Low	1.0	0.76	2.06																				Non-Brands		True	True	True
amy latina	USD		100	1,000	Low	0.0																						Non-Brands		False	True	True
hot latina babes	USD		1,000	10,000	Low	1.0																						Non-Brands		False	True	True
nude latina girls	USD		1,000	10,000	Low	0.0																						Non-Brands	naked girl	True	True	True
sexy latina nude	USD		1,000	10,000	Low	0.0																						Non-Brands	naked girl	True	True	True
big booty mexican girls	USD		1,000	10,000	Low	1.0	0.39	1.18																				Non-Brands		True	True	True
big booty latina girls	USD		1,000	10,000	Low	1.0	1.1	1.68																				Non-Brands		True	True	True
latina live cam	USD		1,000	10,000	Low	16.0	0.97	1.48																				Non-Brands		False	False	False
thick mexican girls	USD		1,000	10,000	Low	0.0	0.94	1.57																				Non-Brands		False	True	True
thick latina girls	USD		1,000	10,000	Low	0.0	1.34	2.8																				Non-Brands		False	True	True
hot nude latina	USD		1,000	10,000	Low	0.0																						Non-Brands	naked girl	True	True	True
hot hispanic girls	USD		1,000	10,000	Low	1.0	0.64	2.31																				Non-Brands		True	False	True
nude latin girls	USD		1,000	10,000	Low	1.0																						Non-Brands	naked girl	True	True	True
thick latina nudes	USD		1,000	10,000	Low	0.0																						Non-Brands	naked girl	True	True	True
latina girls reddit	USD		100	1,000	Low	0.0																				reddit				False	False	False
petite latina nude	USD		1,000	10,000	Low	0.0																						Non-Brands	naked girl	True	True	True
cute latina girls	USD		1,000	10,000	Low	0.0	1.15	3.03																				Non-Brands		False	False	False
hot naked latina girls	USD		1,000	10,000	Low	0.0																						Non-Brands	naked girl	True	True	True
hot latina chicks	USD		100	1,000	Low	0.0																						Non-Brands		False	True	True
naked hispanic girls	USD		1,000	10,000	Low	0.0																						Non-Brands	naked girl	True	True	True
ava kelly latina abuse	USD		100	1,000	Low	0.0																					ava			False	True	True
latina nude tumblr	USD		100	1,000	Low	0.0																				tumblr			naked girl	True	False	True
latina blonde	USD		1,000	10,000	Low	0.0																						Non-Brands		False	False	False
latina lesbian kissing	USD		1,000	10,000	Low	0.0																						Non-Brands		False	True	True
nude latina babes	USD		1,000	10,000	Low	0.0																						Non-Brands	naked girl	True	True	True
hot mexican girls naked	USD		1,000	10,000	Low	0.0																						Non-Brands	naked girl	True	True	True
chubby mexican girl	USD		100	1,000	Low	0.0																						Non-Brands		False	True	True
sexy hispanic girls	USD		100	1,000	Low	0.0																						Non-Brands		True	False	True
nude hispanic girls	USD		1,000	10,000	Low	0.0																						Non-Brands	naked girl	True	True	True
latina girls tumblr	USD		100	1,000	Low	1.0																				tumblr				False	False	False
sexy latina twerking	USD		1,000	10,000	Low	0.0																						Non-Brands		True	True	True
sexy naked latina girls	USD		1,000	10,000	Low	0.0																						Non-Brands	naked girl	True	True	True
busty latina babes	USD		100	1,000	Low	0.0																						Non-Brands		False	True	True
sexy naked mexican girls	USD		1,000	10,000	Low	0.0																						Non-Brands	naked girl	True	True	True
latina luna	USD		10	100	Low	0.0																						Non-Brands		False	True	True
latina girl masturbating	USD		100	1,000	Low	0.0																						Non-Brands		True	True	True
cute latina nude	USD		100	1,000	Low	0.0																						Non-Brands	naked girl	True	True	True
latinas babes	USD		1,000	10,000	Low	3.0	1.1	2.34																				Non-Brands		False	True	True
mexican girls twerking	USD		100	1,000	Low	1.0	0.82	1.39																				Non-Brands		False	True	True
latina girls kissing	USD		100	1,000	Low	0.0																						Non-Brands		False	True	True
hot latina girls nude	USD		1,000	10,000	Low	0.0																						Non-Brands	naked girl	True	True	True
latina nude beach	USD		100	1,000	Low	0.0																						Non-Brands	naked girl	True	True	True
hot mexican girls nude	USD		1,000	10,000	Low	0.0																						Non-Brands	naked girl	True	True	True
naked latina babes	USD		100	1,000	Low	0.0																						Non-Brands	naked girl	True	True	True
mexican girls with big tits	USD		1,000	10,000	Low	0.0																						Non-Brands	tit	True	True	True
latina babes tumblr	USD		100	1,000	Low	0.0																				tumblr				False	False	False
thick hispanic girls	USD		100	1,000	Low	0.0																						Non-Brands		False	True	True
perfect girls latina	USD		100	1,000	Low	1.0																					perfect girl			False	True	True
latina girl xnxx	USD		10	100	Low	0.0																						Non-Brands	xnxx	True	True	True
latin hot girls	USD		100	1,000	Low	2.0																						Non-Brands		True	False	True
busty latina girls	USD		100	1,000	Low	0.0																						Non-Brands		False	True	True
latina twerking nude	USD		100	1,000	Low	0.0																						Non-Brands	naked girl	True	True	True
chubby latina girls	USD		100	1,000	Low	0.0																						Non-Brands		False	True	True
latin sexy girls	USD		10	100	Low	2.0																						Non-Brands		True	False	True
young naked mexican girls	USD		100	1,000	Low	0.0																						Non-Brands	naked girl	True	True	True
latina tita	USD		100	1,000	Low	0.0																						Non-Brands	tit	False	True	True
latina girl pornhub	USD		100	1,000	Low	0.0																						Non-Brands		True	True	True
thick latina babes	USD		100	1,000	Low	0.0																						Non-Brands		False	True	True
latina bikini babes	USD		100	1,000	Low	1.0																						Non-Brands		False	False	False
latin naked girls	USD		100	1,000	Low	0.0																						Non-Brands	naked girl	True	True	True
latina girl twerking	USD		100	1,000	Low	1.0																						Non-Brands		False	True	True
thick latina chicks	USD		100	1,000	Low	1.0																						Non-Brands		False	True	True
young nude latina	USD		100	1,000	Low	0.0																						Non-Brands	naked girl	True	True	True
nude mexican babes	USD		100	1,000	Low	0.0																						Non-Brands	naked girl	True	True	True
big butt mexican girls	USD		100	1,000	Low	1.0																						Non-Brands		True	True	True
tiny latina nude	USD		100	1,000	Low	0.0																						Non-Brands	naked girl	True	True	True
latina girl tumblr	USD		10	100	Low	0.0																				tumblr				False	False	False
hairy latina girls	USD		100	1,000	Low	0.0																						Non-Brands		False	True	True
latina nude babes	USD		100	1,000	Low	0.0																						Non-Brands	naked girl	True	True	True
latin girl xnxx	USD		10	100	Low	0.0																						Non-Brands	xnxx	False	True	True
horny latina girls	USD		100	1,000	Low	1.0																						Non-Brands	horny girls	True	True	True
petite latina girls	USD		100	1,000	Low	1.0																						Non-Brands		False	True	True
hot sexy latina girls	USD		100	1,000	Low	1.0																						Non-Brands		True	True	True
fat latina nude	USD		100	1,000	Low	0.0																						Non-Brands	naked girl	True	True	True
sexy latina cam	USD		100	1,000	Low	8.0	0.6	2.0																				Non-Brands		True	True	True
sexy nude latina girls	USD		100	1,000	Low	0.0																						Non-Brands	naked girl	True	True	True
curvy latina girls	USD		100	1,000	Low	2.0																						Non-Brands		False	True	True
perfect latina nude	USD		100	1,000	Low	0.0																					perfect girl		naked girl	True	True	True
young latin girls	USD		100	1,000	Low	3.0																						Non-Brands		False	False	False
ftv latina	USD		100	1,000	Low	0.0																						Non-Brands		False	True	True
tumblr latina nudes	USD		10	100	Low	0.0																				tumblr			naked girl	True	False	True
latina girls sucking dick	USD		100	1,000	Low	0.0																						Non-Brands		False	True	True
busty mexican girls	USD		100	1,000	Low	0.0																						Non-Brands		False	True	True
latina girl masterbating	USD		100	1,000	Low	0.0																						Non-Brands		True	True	True
big tits latina cam	USD		100	1,000	Low	0.0																						Non-Brands	tit	True	True	True
sexy latina ladies	USD		100	1,000	Low	5.0																						Non-Brands		True	False	True
xnxx latina girl	USD		10	100	Low	0.0																						Non-Brands	xnxx	True	True	True
big booty latina babes	USD		100	1,000	Low	0.0																						Non-Brands		True	True	True
latina college girls	USD		100	1,000	Low	0.0																						Non-Brands		False	True	True
sexy nude mexican girls	USD		100	1,000	Low	0.0																						Non-Brands	naked girl	True	True	True
sexy latina chicks	USD		100	1,000	Low	0.0																						Non-Brands		True	True	True
big butt latina girls	USD		100	1,000	Low	1.0																						Non-Brands		True	True	True
big booty hispanic girls	USD		100	1,000	Low	0.0																						Non-Brands		True	True	True
pornhub latina girl	USD		100	1,000	Low	0.0																						Non-Brands		True	True	True
beautiful latinas nude	USD		1,000	10,000	Low	0.0																						Non-Brands	naked girl, beauty latina	True	True	True
hot latina cam	USD		100	1,000	Low	5.0	0.78	3.7																				Non-Brands		False	True	True
latina girl xvideo	USD		10	100	Low	0.0																						Non-Brands	xvideo	False	True	True
sexy latin ladies	USD		100	1,000	Low	6.0																						Non-Brands		True	False	True
beautiful latina babes	USD		100	1,000	Low	1.0																						Non-Brands	beauty latina	False	True	True
young nude mexican girls	USD		100	1,000	Low	0.0																						Non-Brands	naked girl	True	True	True
big booty latina chicks	USD		100	1,000	Low	2.0																						Non-Brands		True	True	True
latino hot girls	USD		100	1,000	Low	4.0	0.91	1.66																				Non-Brands		True	False	True
naked latina ladies	USD		10	100	Low	1.0																						Non-Brands	naked girl	True	True	True
latina abuse anna	USD		10	100	Low	0.0																						Non-Brands		False	True	True
xnxx latin girl	USD		10	100	Low	0.0																						Non-Brands	xnxx	False	True	True
hot spanish girls naked	USD		100	1,000	Low	0.0																						Non-Brands	naked girl	True	True	True
skinny latina girls	USD		100	1,000	Low	1.0																						Non-Brands		False	True	True
hot spanish girls nude	USD		100	1,000	Low	0.0																						Non-Brands	naked girl	True	True	True
thick mexican chicks	USD		100	1,000	Low	1.0																						Non-Brands		False	True	True
horny latin girls	USD		10	100	Low	0.0																						Non-Brands	horny girls	True	True	True
big latina girls	USD		100	1,000	Low	1.0																						Non-Brands		False	True	True
naked latino ladies	USD		10	100	Low	0.0																						Non-Brands	naked girl	True	True	True
naked mexican babes	USD		100	1,000	Low	0.0																						Non-Brands	naked girl	True	True	True
young latino girls	USD		10	100	Low	3.0																						Non-Brands		False	False	False
latina dancing nude	USD		100	1,000	Low	0.0																						Non-Brands	naked girl	True	True	True
latina sexy babes	USD		1,000	10,000	Low	0.0																						Non-Brands		True	True	True
fat latina girl	USD		100	1,000	Low	0.0																						Non-Brands		False	True	True
small latina nude	USD		100	1,000	Low	0.0																						Non-Brands	naked girl	True	True	True
hot naked hispanic girls	USD		100	1,000	Low	0.0																						Non-Brands	naked girl	True	True	True
veronica rodriguez exotic4k	USD		0	10	Unknown																						exotic4k			False	True	True
latina school girls	USD		100	1,000	Low	0.0																						Non-Brands		False	True	True
latin booty girls	USD		10	100	Low	0.0																						Non-Brands		True	True	True
hot hispanic chicks	USD		100	1,000	Low	4.0	0.86	3.99																				Non-Brands		False	False	False
skinny nude latina	USD		100	1,000	Low	0.0																						Non-Brands	naked girl	True	True	True
latina alexis	USD		10	100	Low	0.0																						Non-Brands		False	True	True
naked latin ladies	USD		100	1,000	Low	1.0																						Non-Brands	naked girl	True	True	True
hot hispanic babes	USD		100	1,000	Low	0.0																						Non-Brands		False	True	True
latina naked cam	USD		10	100	Low	12.0	0.59	0.84																				Non-Brands	naked girl	True	True	True
nude latina ladies	USD		100	1,000	Low	0.0																						Non-Brands	naked girl	True	True	True
dirty latina girls	USD		10	100	Low	1.0																						Non-Brands		False	True	True
latina girls with big tits	USD		100	1,000	Low	0.0																						Non-Brands	tit	True	True	True
skinny latina nudes	USD		100	1,000	Low	0.0																						Non-Brands	naked girl	True	True	True
hot nude latina babes	USD		100	1,000	Low	0.0																						Non-Brands	naked girl	True	True	True
naked hot latina girls	USD		100	1,000	Low	0.0																						Non-Brands	naked girl	True	True	True
hot latina babes nude	USD		100	1,000	Low	0.0																						Non-Brands	naked girl	True	True	True
thick latin chicks	USD		10	100	Low	0.0																						Non-Brands		False	True	True
latina girl riding dick	USD		100	1,000	Low	0.0																						Non-Brands		False	True	True
latino girls cam	USD		10	100	Low	32.0																						Non-Brands		False	True	True
latino girls masturbating	USD		10	100	Low	0.0																						Non-Brands		True	True	True
mexican babes tumblr	USD		10	100	Low	0.0																				tumblr				False	False	False
sexy latina girls tumblr	USD		10	100	Low	0.0																				tumblr				True	False	True
mexican girls tits	USD		100	1,000	Low	0.0																						Non-Brands	tit	True	True	True
nude latina snapchat	USD		100	1,000	Low	0.0																				snapchat			naked girl	True	True	True
sexy latinas kissing	USD		100	1,000	Low	0.0																						Non-Brands		True	True	True
big butt latin girls	USD		100	1,000	Low	2.0																						Non-Brands		True	True	True
sophia 8th street latinas	USD		10	100	Low	0.0																						Non-Brands		False	True	True
big booty mexican chicks	USD		100	1,000	Low	0.0																						Non-Brands		True	True	True
dark latina nude	USD		100	1,000	Low	0.0																						Non-Brands	naked girl	True	True	True
latina bikini girls	USD		100	1,000	Low	3.0																						Non-Brands		False	False	False
nude skinny latina	USD		100	1,000	Low	0.0																						Non-Brands	naked girl	True	True	True
beautiful naked mexican girls	USD		100	1,000	Low	0.0																						Non-Brands	naked girl, beauty latina	True	True	True
latina big booty nude	USD		1,000	10,000	Low	0.0																						Non-Brands	naked girl	True	True	True
latin girls masturbating	USD		10	100	Low	0.0																						Non-Brands		True	True	True
hottest latina babes	USD		10	100	Low	0.0																						Non-Brands		False	True	True
latina girls in panties	USD		100	1,000	Low	4.0																						Non-Brands		False	True	True
latina girl butt	USD		100	1,000	Low	0.0																						Non-Brands		True	True	True
hot latino ladies	USD		10	100	Low	24.0	0.63	1.8																				Non-Brands		False	False	False
latin girl xvideos	USD		10	100	Low	0.0																						Non-Brands	xvideo	True	True	True
nude latin ladies	USD		100	1,000	Low	1.0																						Non-Brands	naked girl	True	True	True
hot latina girls instagram	USD		10	100	Low	0.0																				instagram				False	False	False
hottest nude latinas	USD		100	1,000	Low	0.0																						Non-Brands	naked girl	True	True	True
hairy latin girls	USD		10	100	Low	0.0																						Non-Brands		False	True	True
live nude latinas	USD		100	1,000	Low	10.0	0.97	1.28																				Non-Brands	naked girl	True	False	True
sexy thick latina girls	USD		100	1,000	Low	0.0																						Non-Brands		True	True	True
latina girls twerking naked	USD		10	100	Low	0.0																						Non-Brands	naked girl	True	True	True
latina girl riding	USD		10	100	Low	0.0																						Non-Brands		False	True	True
thicc hispanic girls	USD		100	1,000	Low	0.0																						Non-Brands		False	True	True
hot naked latina babes	USD		10	100	Low	0.0																						Non-Brands	naked girl	True	True	True
naked mexican girls tumblr	USD		10	100	Low	0.0																				tumblr			naked girl	True	False	True
latina girl dancing	USD		100	1,000	Low	0.0																						Non-Brands		False	False	False
hot naked mexican chicks	USD		100	1,000	Low	0.0																						Non-Brands	naked girl	True	True	True
latina young nude	USD		10	100	Low	0.0																						Non-Brands	naked girl	True	True	True
latina nude cam	USD		100	1,000	Low	6.0	0.55	1.38																				Non-Brands	naked girl	True	True	True
latina sugar baby	USD		10	100	Medium	48.0	0.82	14.98																				Non-Brands		False	False	False
naked latina chicks	USD		10	100	Low	0.0																						Non-Brands	naked girl	True	True	True
hispanic girls twerking	USD		100	1,000	Low	1.0																						Non-Brands		False	True	True
horny latina babes	USD		10	100	Low	0.0																						Non-Brands	horny girls	True	True	True
bbw mexican girls	USD		100	1,000	Low	0.0																						Non-Brands		False	True	True
latin girl sexy	USD		10	100	Low	0.0																						Non-Brands		True	True	True
little latina girl	USD		100	1,000	Low	0.0																						Non-Brands		False	False	False
thick latina ladies	USD		10	100	Low	0.0																						Non-Brands		False	True	True
nude latino ladies	USD		10	100	Low	1.0																						Non-Brands	naked girl	True	True	True
latin girls sucking dick	USD		100	1,000	Low	0.0																						Non-Brands		False	True	True
tumblr latina babes	USD		10	100	Low	0.0																				tumblr				False	False	False
lesbian latina girls	USD		100	1,000	Low	1.0																						Non-Brands		False	True	True
sexy naked hispanic girls	USD		10	100	Low	0.0																						Non-Brands	naked girl	True	True	True
lesbian mexican girls	USD		100	1,000	Low	0.0																						Non-Brands		False	True	True
latina girl tits	USD		100	1,000	Low	0.0																						Non-Brands	tit	True	True	True
thick latina girls nude	USD		100	1,000	Low	0.0																						Non-Brands	naked girl	True	True	True
martina latina abuse	USD		10	100	Low	0.0																						Non-Brands		False	True	True
young naked latina girls	USD		100	1,000	Low	0.0																						Non-Brands	naked girl	True	True	True
nude latina dancing	USD		10	100	Low	0.0																						Non-Brands	naked girl	True	True	True
sexy latino ladies	USD		10	100	Low	4.0																						Non-Brands		True	False	True
livesex latinas	USD		10	100	Low	11.0																						Non-Brands		True	False	True
hairy latino girls	USD		10	100	Low	2.0																						Non-Brands		False	True	True
victoria june latina weather girl	USD		10	100	Low	0.0																						Non-Brands		False	False	False
pretty latina nude	USD		100	1,000	Low	0.0																						Non-Brands	naked girl, beauty latina	True	True	True
ftv girls latina	USD		10	100	Low	0.0																						Non-Brands		False	True	True
busty mexican babes	USD		100	1,000	Low	0.0																						Non-Brands		False	True	True
chaturbate latina girls	USD		10	100	Low	3.0	1.0	1.13																			chaturbate			False	True	True
brazzers latina girls	USD		10	100	Low	0.0																					brazzers			True	True	True
hot latina girls tumblr	USD		10	100	Low	1.0																				tumblr				False	False	False
hot thick latina girls	USD		10	100	Low	0.0																						Non-Brands		False	True	True
sexy mexican girl nude	USD		100	1,000	Low	0.0																						Non-Brands	naked girl	True	True	True
little latina nude	USD		100	1,000	Low	0.0																						Non-Brands	naked girl	True	True	True
8th street latinas girls	USD		10	100	Low	1.0																						Non-Brands		False	True	True
latina hairy girls	USD		10	100	Low	0.0																						Non-Brands		False	True	True
amateur latina girls	USD		100	1,000	Low	1.0																						Non-Brands		False	True	True
thick mexican girls nude	USD		100	1,000	Low	0.0																						Non-Brands	naked girl	True	True	True
latina girl riding dildo	USD		10	100	Low	0.0																						Non-Brands		True	True	True
sexy spanish girls naked	USD		10	100	Low	0.0																					sexy spanish girls		naked girl	True	True	True
xpee latina	USD		10	100	Low	0.0																					xpee			False	False	False
hot latina babes naked	USD		100	1,000	Low	1.0																						Non-Brands	naked girl	True	True	True
hispanic girl masturbating	USD		10	100	Low	0.0																						Non-Brands		True	True	True
nude big booty latina	USD		10	100	Low	0.0																						Non-Brands	naked girl	True	True	True
thick naked mexican girls	USD		100	1,000	Low	0.0																						Non-Brands	naked girl	True	True	True
thick naked latina girls	USD		100	1,000	Low	0.0																						Non-Brands	naked girl	True	True	True
big tit latina babes	USD		100	1,000	Low	0.0																						Non-Brands	tit	True	True	True
naughty latina girls	USD		10	100	Low	6.0																						Non-Brands		True	True	True
mexican girls in booty shorts	USD		10	100	Low	5.0																						Non-Brands		True	True	True
sexy thick mexican girls	USD		100	1,000	Low	0.0																						Non-Brands		True	True	True
latina girls live	USD		10	100	Low	13.0	0.88	1.87																				Non-Brands		True	False	True
latina girls in thongs	USD		10	100	Low	0.0																						Non-Brands		False	True	True
latina girl booty	USD		100	1,000	Low	0.0																						Non-Brands		True	True	True
fine latina girls	USD		100	1,000	Low	1.0	1.15	2.79																				Non-Brands		False	True	True
small latina girl	USD		10	100	Low	0.0																						Non-Brands		True	True	True
naked sexy latina girls	USD		10	100	Low	0.0																						Non-Brands	naked girl	True	True	True
naked latina women tumblr	USD		10	100	Low	0.0																				tumblr			naked girl	True	True	True
latin hot babes	USD		10	100	Low	2.0																						Non-Brands		False	True	True
latina nude tits	USD		10	100	Low	0.0																						Non-Brands	naked girl, tit	True	True	True
ava taylor tiny latina	USD		10	100	Low	0.0																					ava			False	False	False
black latina girls	USD		100	1,000	Low	2.0																						Non-Brands		False	False	False
beautiful naked latina girls	USD		10	100	Low	0.0																						Non-Brands	naked girl, beauty latina	True	True	True
latina suicide girls	USD		10	100	Low	0.0																					suicide girls			False	False	False
latina girl dildo	USD		10	100	Low	0.0																						Non-Brands		True	True	True
naked latina girls tumblr	USD		10	100	Low	0.0																				tumblr			naked girl	True	False	True
bbw latina girls	USD		10	100	Low	1.0																						Non-Brands		False	True	True
chubby latin girl	USD		10	100	Low	0.0																						Non-Brands		False	True	True
thick latina women tumblr	USD		10	100	Low	1.0																				tumblr				False	False	False
short latina girl	USD		100	1,000	Low	0.0																						Non-Brands		False	True	True
big tits blonde latina	USD		10	100	Low	0.0																						Non-Brands	tit	True	True	True
hot latina school girls	USD		10	100	Low	0.0																						Non-Brands		False	True	True
latina girls naked girls	USD		10	100	Low	0.0																						Non-Brands	naked girl	True	True	True
latina women pornhub	USD		10	100	Low	0.0																						Non-Brands		True	True	True
nude latina women tumblr	USD		10	100	Low	0.0																				tumblr			naked girl	True	False	True
nude hispanic ladies	USD		10	100	Low	0.0																						Non-Brands	naked girl	True	True	True
sexy latina cam girl	USD		10	100	Low	2.0																						Non-Brands		True	True	True
latina girl fingering	USD		10	100	Low	0.0																						Non-Brands		True	True	True
latina girl fingering herself	USD		10	100	Low	0.0																						Non-Brands		True	True	True
beautiful nude mexican girls	USD		100	1,000	Low	0.0																						Non-Brands	naked girl, beauty latina	True	True	True
hot young latin girls	USD		10	100	Low	0.0																						Non-Brands		False	True	True
naked sexy mexican girls	USD		10	100	Low	0.0																						Non-Brands	naked girl	True	True	True
chubby hispanic girl	USD		100	1,000	Low	1.0																						Non-Brands		False	True	True
latina girl white guy	USD		10	100	Low	2.0																						Non-Brands		False	False	False
xvideos latina girls	USD		10	100	Low	0.0																						Non-Brands	xvideo	True	True	True
gorgeous latina girls	USD		10	100	Low	1.0																						Non-Brands		False	True	True
sexy college latina	USD		10	100	Low	0.0																						Non-Brands		True	True	True
hot latina yoga pants	USD		10	100	Low	5.0																						Non-Brands		False	True	True
latina girl doggystyle	USD		10	100	Low	0.0																						Non-Brands		True	True	True
chubby blonde latina	USD		10	100	Low	0.0																						Non-Brands		False	True	True
sexiest latina girls	USD		10	100	Low	0.0																						Non-Brands		True	False	True
sexy spanish girls nude	USD		10	100	Low	0.0																					sexy spanish girls		naked girl	True	True	True
hairy latina nudes	USD		100	1,000	Low	0.0																						Non-Brands	naked girl	True	False	True
hot latina girls pornhub	USD		10	100	Low	0.0																						Non-Brands		True	True	True
mexican women in the nude	USD		10	100	Low	6.0																						Non-Brands	naked girl	True	True	True
naked chubby mexican girls	USD		10	100	Low	0.0																						Non-Brands	naked girl	True	True	True
nude latina chicks	USD		10	100	Low	0.0																						Non-Brands	naked girl	True	True	True
latina girls going crazy	USD		10	100	Low	1.0																						Non-Brands		False	False	False
nasty latin girls	USD		10	100	Low	0.0																						Non-Brands		False	True	True
sexy naked latina babes	USD		10	100	Low	0.0																						Non-Brands	naked girl	True	True	True
young nude latina girls	USD		10	100	Low	0.0																						Non-Brands	naked girl	True	True	True
latina naked babes	USD		10	100	Low	0.0																						Non-Brands	naked girl	True	True	True
cute mexican girls naked	USD		10	100	Low	0.0																						Non-Brands	naked girl	True	True	True
hottest naked latinas	USD		1,000	10,000	Low	0.0																						Non-Brands	naked girl	True	True	True
hot naked girls latina	USD		10	100	Low	0.0																						Non-Brands	naked girl	True	True	True
topless latina girls	USD		100	1,000	Low	0.0																						Non-Brands	naked girl	True	True	True
hot hispanic girls nude	USD		10	100	Low	0.0																						Non-Brands	naked girl	True	True	True
mexican girls nude tumblr	USD		10	100	Low	0.0																				tumblr			naked girl	True	False	True
tiny latina girl	USD		10	100	Low	0.0																						Non-Brands		False	True	True
hot latina cam girl	USD		10	100	Low	8.0	0.71	1.21																				Non-Brands		False	True	True
latina girl live cam	USD		10	100	High	67.0																						Non-Brands		False	True	True
chubby mexican girls nude	USD		10	100	Low	0.0																						Non-Brands	naked girl	True	True	True
asian guy latina girl	USD		10	100	Low	0.0																						Non-Brands		False	True	True
latin girls in panties	USD		10	100	Low	0.0																						Non-Brands		False	True	True
naked teenage mexican girls	USD		100	1,000	Low	0.0																						Non-Brands	naked girl	True	True	True
gorgeous latina babes	USD		10	100	Low	1.0																						Non-Brands		False	True	True
hispanic girl sucking dick	USD		10	100	Low	0.0																						Non-Brands		False	True	True
fit latina girls	USD		10	100	Low	1.0																					fit latina			False	True	True
suicide girls latina	USD		10	100	Low	0.0																					suicide girls			False	False	False
nude latina girls tumblr	USD		10	100	Low	0.0																				tumblr			naked girl	True	False	True
hot naked latina chicks	USD		10	100	Low	0.0																						Non-Brands	naked girl	True	True	True
latina beautiful girls	USD		100	1,000	Low	3.0	0.53	1.6																				Non-Brands	beauty latina	False	False	False
huge tits latina cam	USD		10	100	Low	0.0																						Non-Brands	tit	True	True	True
sexy thick latina nude	USD		100	1,000	Low	0.0																						Non-Brands	naked girl	True	True	True
8th street latinas sofia	USD		10	100	Low	0.0																						Non-Brands		False	False	False
short thick mexican girl	USD		10	100	Low	1.0																						Non-Brands		False	True	True
chubby mexican girls naked	USD		10	100	Low	0.0																						Non-Brands	naked girl	True	True	True
cute naked mexican girls	USD		10	100	Low	0.0																						Non-Brands	naked girl	True	True	True
hot nude hispanic girls	USD		10	100	Low	0.0																						Non-Brands	naked girl	True	True	True
kendra star latina abuse	USD		10	100	Low	0.0																						Non-Brands		False	False	False
hot latina women tumblr	USD		10	100	Low	2.0																				tumblr				False	False	False
beauty latina nude	USD		10	100	Low	0.0																						Non-Brands	naked girl, beauty latina	True	True	True
beautiful latina girls nude	USD		10	100	Low	0.0																						Non-Brands	naked girl, beauty latina	True	True	True
la new girl latina	USD		10	100	Low	0.0																						Non-Brands		False	True	True
latin girls masterbating	USD		10	100	Low	1.0																						Non-Brands		True	True	True
hispanic girls kissing	USD		10	100	Low	0.0																						Non-Brands		False	True	True
teenage latina girls	USD		100	1,000	Low	2.0																						Non-Brands		False	False	False
thick latina cam girl	USD		10	100	Low	0.0																						Non-Brands		False	True	True
latina beach babes	USD		10	100	Low	1.0																						Non-Brands		False	True	True
cute latina babes	USD		10	100	Low	0.0																						Non-Brands		False	True	True
latino girls masterbating	USD		10	100	Low	0.0																						Non-Brands		True	True	True
latina abuse mya mason	USD		10	100	Low	0.0																						Non-Brands		True	False	True
petite hispanic girl	USD		10	100	Low	0.0																						Non-Brands		False	True	True
busty latina cam girl	USD		10	100	Low	1.0																						Non-Brands		False	True	True
hot sexy naked latina girls	USD		10	100	Low	0.0																						Non-Brands	naked girl	True	True	True
sexy nude latina babes	USD		10	100	Low	0.0																						Non-Brands	naked girl	True	True	True
ava latina	USD		10	100	Low	0.0																					ava			False	True	True
tina latina nude	USD		10	100	Low	0.0																						Non-Brands		True	True	True
latina busty babes	USD		10	100	Low	0.0																						Non-Brands		False	True	True
mexican girl with big booty	USD		10	100	Low	2.0																						Non-Brands		True	True	True
sexy hispanic babes	USD		10	100	Low	0.0																						Non-Brands		True	True	True
sexy spanish girls tumblr	USD		10	100	Low	0.0																				tumblr	sexy spanish girls			True	False	True
big booty mexican girls twerking	USD		10	100	Low	0.0																						Non-Brands		True	True	True
latina sexy chicks	USD		10	100	Low	0.0																						Non-Brands		True	True	True
fat mexican girls naked	USD		100	1,000	Low	0.0																						Non-Brands	naked girl	True	True	True
hot latina girls twerking	USD		10	100	Low	0.0																						Non-Brands		False	True	True
latina street girls	USD		10	100	Low	2.0																						Non-Brands		False	True	True
chubby mexican girl naked	USD		10	100	Low	0.0																						Non-Brands	naked girl	True	True	True
hairy latina babes	USD		10	100	Low	0.0																						Non-Brands		False	True	True
latino naked girl	USD		10	100	Low	0.0																						Non-Brands	naked girl	True	True	True
girl on girl latina	USD		100	1,000	Low	1.0																						Non-Brands		True	False	True
real latina nude	USD		10	100	Low	0.0																						Non-Brands	naked girl	True	True	True
sexy latina college	USD		10	100	Low	0.0																						Non-Brands		True	True	True
hot latina girl masturbating	USD		10	100	Low	0.0																						Non-Brands		True	True	True
beautiful naked spanish girls	USD		10	100	Low	0.0																						Non-Brands	naked girl, beauty latina	True	True	True
mexican chicks with big tits	USD		10	100	Low	0.0																						Non-Brands	tit	True	True	True
katie cummings 8th street latinas	USD		10	100	Low	0.0																						Non-Brands		False	False	False
freaky latina girls	USD		10	100	Low	2.0																						Non-Brands		False	True	True
thick mexican babes	USD		10	100	Low	0.0																						Non-Brands		False	True	True
ugly latina girl	USD		100	1,000	Low	0.0																						Non-Brands		False	True	True
mexican girls naked tumblr	USD		10	100	Low	0.0																				tumblr			naked girl	True	False	True
sexy naked spanish girl	USD		100	1,000	Low	0.0																					sexy spanish girls		naked girl	True	True	True
cute mexican girls nude	USD		10	100	Low	0.0																						Non-Brands	naked girl	True	True	True
hot latina college	USD		100	1,000	Low	0.0																						Non-Brands		False	True	True
big booty latina girls twerking	USD		10	100	Low	0.0																						Non-Brands		True	True	True
latina party girls	USD		10	100	Low	1.0																						Non-Brands		False	True	True
latina teenage girls	USD		1,000	10,000	Low	0.0																						Non-Brands		False	True	True
sexy blonde latinas	USD		100	1,000	Low	0.0																						Non-Brands		True	True	True
mexican girls big booty	USD		10	100	Low	0.0																						Non-Brands		True	True	True
fat booty mexican girls	USD		10	100	Low	0.0																						Non-Brands		True	True	True
hot latina college girls	USD		10	100	Low	0.0																						Non-Brands		False	True	True
blonde latina booty	USD		10	100	Low	0.0																						Non-Brands		True	True	True
beautiful latina girls naked	USD		10	100	Low	0.0																						Non-Brands	naked girl, beauty latina	True	True	True
hot latina girls kissing	USD		10	100	Low	0.0																						Non-Brands		False	True	True
latina gamer	USD		10	100	Low	0.0																						Non-Brands		False	True	True
big latin girls	USD		10	100	Low	0.0																						Non-Brands		False	True	True
latina gamer girl	USD		10	100	Low	0.0																						Non-Brands		False	True	True
two latina girls	USD		10	100	Low	2.0																						Non-Brands		False	True	True
latina girls in undies	USD		10	100	Low	0.0																						Non-Brands		False	True	True
latin girl booty	USD		10	100	Low	0.0																						Non-Brands		True	True	True
nude hispanic babes	USD		10	100	Low	0.0																						Non-Brands	naked girl	True	True	True
sexy latina girls twerking	USD		10	100	Low	0.0																						Non-Brands		True	True	True
latina chicks nude	USD		10	100	Low	0.0																						Non-Brands	naked girl	True	True	True
latina muscle girl	USD		10	100	Low	0.0																						Non-Brands		False	True	True
isabella angela latina	USD		10	100	Low	0.0																						Non-Brands		False	False	False
latina girls dancing naked	USD		10	100	Low	0.0																						Non-Brands	naked girl	True	True	True
hot latina babes tumblr	USD		10	100	Low	0.0																				tumblr				False	False	False
hot sexy naked mexican girls	USD		10	100	Low	0.0																						Non-Brands	naked girl	True	True	True
cute latina girls naked	USD		100	1,000	Low	0.0																						Non-Brands	naked girl	True	True	True
naked latino chicks	USD		10	100	Low	0.0																						Non-Brands	naked girl	True	True	True
marissa 8th street latinas	USD		10	100	Low	0.0																						Non-Brands		False	False	False
naked hispanic ladies	USD		10	100	Low	0.0																						Non-Brands	naked girl	True	True	True
latina cute nude	USD		10	100	Low	0.0																						Non-Brands	naked girl	True	True	True
sexy big booty latina girls	USD		10	100	Low	0.0																						Non-Brands		True	True	True
skinny mexican girls nude	USD		10	100	Low	0.0																						Non-Brands	naked girl	True	True	True
beautiful nude latina girls	USD		10	100	Low	0.0																						Non-Brands	naked girl, beauty latina	True	True	True
bangbros latina girls	USD		10	100	Low	0.0																					bangbros			False	True	True
naked mexican teenage girls	USD		100	1,000	Low	0.0																						Non-Brands	naked girl	True	True	True
hot sexy nude latina	USD		100	1,000	Low	0.0																						Non-Brands	naked girl	True	True	True
latin girl on girl	USD		10	100	Low	2.0																						Non-Brands		True	False	True
hot latina instagram girls	USD		10	100	Low	0.0																				instagram				False	False	False
latina fitness girl	USD		10	100	Low	0.0																					fit latina			False	False	False
nikki latina	USD		10	100	Low	0.0																						Non-Brands		False	False	False
super hot latina girls	USD		10	100	Low	1.0																						Non-Brands		False	True	True
mexican chicks nude	USD		100	1,000	Low	0.0																						Non-Brands	naked girl	True	True	True
hispanic girls masterbating	USD		10	100	Low	0.0																						Non-Brands		True	True	True
hot naked latino chicks	USD		10	100	Low	0.0																						Non-Brands	naked girl	True	True	True
latina girls snapchat	USD		100	1,000	Low	1.0																				snapchat				False	False	False
latina girls grinding	USD		10	100	Low	0.0																						Non-Brands		False	True	True
latina naked ladies	USD		10	100	Low	0.0																						Non-Brands	naked girl	True	True	True
naked teenage latina girls	USD		10	100	Low	0.0																						Non-Brands	naked girl	True	True	True
two latinas kissing	USD		10	100	Low	0.0																						Non-Brands		False	True	True
sexiest latina babes	USD		10	100	Low	0.0																						Non-Brands		True	True	True
nudelive latina	USD		10	100	Low	7.0																					nudelive			False	True	True
sexy hispanic girls naked	USD		10	100	Low	0.0																						Non-Brands	naked girl	True	True	True
hot mexican girl masturbating	USD		10	100	Low	0.0																						Non-Brands		True	True	True
hottest hispanic girls	USD		10	100	Low	1.0																						Non-Brands		False	False	False
naked fat mexican girls	USD		10	100	Low	0.0																						Non-Brands	naked girl	True	True	True
chubby latina babes	USD		10	100	Low	0.0																						Non-Brands		False	True	True
hot busty latina babes	USD		10	100	Low	0.0																						Non-Brands		False	True	True
latina sorority girl	USD		10	100	Low	0.0																					latina sorority			False	False	False
perfect latin girl	USD		10	100	Low	0.0																					perfect girl			False	True	True
mexican girl with huge tits	USD		10	100	Low	0.0																						Non-Brands	tit	True	True	True
thick girls latina	USD		100	1,000	Low	0.0																						Non-Brands		False	True	True
young mexican girls with big tits	USD		10	100	Low	0.0																						Non-Brands	tit	True	True	True
snapchat latina nude	USD		100	1,000	Low	0.0																				snapchat			naked girl	True	True	True
skinny latin girl	USD		10	100	Low	4.0																						Non-Brands		False	True	True
dirty latina chicks	USD		10	100	Low	0.0																						Non-Brands		False	True	True
latina girl sucking	USD		10	100	Low	0.0																						Non-Brands		False	True	True
nude chubby mexican girls	USD		10	100	Low	0.0																						Non-Brands	naked girl	True	True	True
latin girls in bikinis	USD		10	100	Low	3.0																						Non-Brands		False	False	False
chubby latina girls nude	USD		10	100	Low	0.0																						Non-Brands	naked girl	True	True	True
latin girl big tits	USD		10	100	Low	0.0																						Non-Brands	tit	True	True	True
busty hispanic girls	USD		10	100	Low	0.0																						Non-Brands		False	True	True
tumblr hispanic girls	USD		100	1,000	Low	0.0																				tumblr				False	False	False
xnxx latino girls	USD		10	100	Low	0.0																						Non-Brands	xnxx	False	True	True
young hot latina girls	USD		10	100	Low	1.0																						Non-Brands		False	True	True
naked latina girls twerking	USD		10	100	Low	0.0																						Non-Brands	naked girl	True	True	True
latina asian girls	USD		100	1,000	Low	0.0																						Non-Brands		False	False	False
latina booty babes	USD		10	100	Low	0.0																						Non-Brands		True	True	True
latina girls topless	USD		10	100	Low	0.0																						Non-Brands	naked girl	True	True	True
sexy nude hispanic girls	USD		10	100	Low	0.0																						Non-Brands	naked girl	True	True	True
fat mexican girls nude	USD		10	100	Low	0.0																						Non-Brands	naked girl	True	True	True
megan salinas latina	USD		10	100	Low	0.0																						Non-Brands		False	True	True
nude latina young	USD		10	100	Low	0.0																						Non-Brands	naked girl	True	True	True
sexy babes latina	USD		10	100	Low	0.0																						Non-Brands		True	True	True
sexy hispanic girls nude	USD		10	100	Low	0.0																						Non-Brands	naked girl	True	True	True
college latinas nude	USD		10	100	Low	0.0																						Non-Brands	naked girl	True	True	True
latina fitness babes	USD		10	100	Low	0.0																					fit latina			False	False	False
hot latina bikini babes	USD		10	100	Low	0.0																						Non-Brands		True	False	True
mexican girls in the nude	USD		10	100	Low	0.0																						Non-Brands	naked girl	True	True	True
big boob latina girls	USD		100	1,000	Low	0.0																						Non-Brands	tit	True	True	True
latin girl masterbating	USD		10	100	Low	0.0																						Non-Brands		True	True	True
latina women xnxx	USD		10	100	Low	0.0																						Non-Brands	xnxx	True	True	True
alexis love latina	USD		10	100	Low	0.0																						Non-Brands		True	True	True
latina chicks tumblr	USD		10	100	Low	0.0																				tumblr				False	False	False
blonde latina girl	USD		10	100	Low	0.0																						Non-Brands		False	True	True
latina beach girls	USD		10	100	Low	1.0																						Non-Brands		False	False	False
latina girls fingering	USD		10	100	Low	0.0																						Non-Brands		True	True	True
latino girl sexy	USD		10	100	Low	0.0																						Non-Brands		True	False	True
hot hispanic ladies	USD		10	100	Low	8.0																						Non-Brands		False	False	False
latin girl twerking	USD		10	100	Low	1.0																						Non-Brands		False	True	True
latin perfect girl	USD		10	100	Unknown																						perfect girl			False	True	True
latina alexis love	USD		10	100	Low	0.0																						Non-Brands		True	True	True
latina girls x	USD		10	100	Low	0.0																						Non-Brands		False	True	True
latina hood girls	USD		10	100	Low	0.0																						Non-Brands		False	True	True
latino nude ladies	USD		10	100	Low	0.0																						Non-Brands	naked girl	True	False	True
lucy latina snapchat	USD		10	100	Low	0.0																				snapchat				False	True	True
big booty mexican girls naked	USD		10	100	Low	0.0																						Non-Brands	naked girl	True	True	True
latin girls big tits	USD		10	100	Low	0.0																						Non-Brands	tit	True	True	True
chubby naked mexican girls	USD		10	100	Low	0.0																						Non-Brands	naked girl	True	True	True
xl girls latina	USD		10	100	Low	0.0																					xl girls			False	True	True
sexy girls latin	USD		10	100	Low	0.0																						Non-Brands		True	False	True
hot nude mexican babes	USD		10	100	Low	0.0																						Non-Brands	naked girl	True	True	True
naked hot spanish girls	USD		10	100	Low	0.0																						Non-Brands	naked girl	True	True	True
hot latina girls with big tits	USD		10	100	Low	1.0																						Non-Brands	tit	True	True	True
naked latin chicks	USD		10	100	Low	0.0																						Non-Brands	naked girl	True	True	True
nude hot latina girls	USD		10	100	Low	0.0																						Non-Brands	naked girl	True	True	True
nude hot mexican girls	USD		10	100	Low	0.0																						Non-Brands	naked girl	True	True	True
sexy latina college girls	USD		10	100	Low	0.0																						Non-Brands		True	True	True
layla latina	USD		10	100	Low	0.0																						Non-Brands		False	True	True
big booty latina girls naked	USD		10	100	Low	0.0																						Non-Brands	naked girl	True	True	True
college latina girls	USD		10	100	Low	1.0																						Non-Brands		False	True	True
jasmin busty latina	USD		10	100	Low	0.0																						Non-Brands		False	True	True
latina ladies naked	USD		10	100	Low	3.0																						Non-Brands	naked girl	True	True	True
naked hispanic babes	USD		10	100	Low	0.0																						Non-Brands	naked girl	True	True	True
naked hispanic chicks	USD		10	100	Low	0.0																						Non-Brands	naked girl	True	True	True
latina abuse girls	USD		10	100	Low	0.0																						Non-Brands		False	False	False
latina girls with booty	USD		10	100	Low	0.0																						Non-Brands		True	True	True
hot naked mexican babes	USD		10	100	Low	0.0																						Non-Brands	naked girl	True	True	True
hot young latino girls	USD		10	100	Low	0.0																						Non-Brands		False	True	True
short hispanic girls	USD		10	100	Low	0.0																						Non-Brands		False	False	False
black guy latina girl	USD		10	100	Low	0.0																						Non-Brands		False	False	False
nude sexy latina girls	USD		10	100	Low	0.0																						Non-Brands	naked girl	True	True	True
cute latina girls nude	USD		10	100	Low	0.0																						Non-Brands	naked girl	True	True	True
latina busty girls	USD		10	100	Low	0.0																						Non-Brands		False	True	True
latino sexy ladies	USD		10	100	Low	0.0																						Non-Brands		True	False	True
thick mexican girls twerking	USD		10	100	Low	1.0																						Non-Brands		False	True	True
latina girl facial	USD		10	100	Low	0.0																						Non-Brands		False	True	True
latina girls in yoga pants	USD		10	100	Low	6.0																						Non-Brands		False	True	True
mexican girl black dick	USD		10	100	Low	0.0																						Non-Brands		True	True	True
sexy latina girl dancing	USD		10	100	Low	0.0																						Non-Brands		True	False	True
latin girl reddit	USD		10	100	Low	0.0																				reddit				False	False	False
mexican girls with huge tits	USD		10	100	Low	0.0																						Non-Brands	tit	True	True	True
big tit latina cam girl	USD		10	100	Low	1.0																						Non-Brands	tit	True	True	True
sexy hispanic ladies	USD		10	100	Low	4.0																						Non-Brands		True	False	True
horny hispanic girls	USD		10	100	Low	0.0																						Non-Brands	horny girls	True	True	True
latina babes tits	USD		10	100	Low	0.0																						Non-Brands	tit	True	True	True
naked latin women tumblr	USD		10	100	Low	0.0																				tumblr			naked girl	True	False	True
hispanic girls with big tits	USD		10	100	Low	0.0																						Non-Brands	tit	True	True	True
horney latino girls	USD		10	100	Unknown																							Non-Brands	horny girls	True	True	True
sexi latin girls	USD		10	100	Low	0.0																						Non-Brands		True	True	True
bad latina girls	USD		10	100	Low	8.0																						Non-Brands		False	False	False
latina megan salinas	USD		10	100	Low	0.0																						Non-Brands		False	True	True
naked lesbian mexican girls	USD		10	100	Low	0.0																						Non-Brands	naked girl	True	True	True
naughty latina girls cams	USD		10	100	Low	29.0																						Non-Brands		True	True	True
hairy hispanic girls	USD		10	100	Low	0.0																						Non-Brands		False	True	True
hot mexican girls with big tits	USD		10	100	Low	0.0																						Non-Brands	tit	True	True	True
hot mexican girls sucking dick	USD		10	100	Low	0.0																						Non-Brands		False	True	True
kendra latina	USD		10	100	Low	0.0																						Non-Brands		False	False	False
sexy latina babes and hot nude girls	USD		10	100	Unknown																							Non-Brands	naked girl	True	True	True
busty latina chicks	USD		10	100	Low	0.0																						Non-Brands		False	True	True
daisy marie latina	USD		10	100	Low	0.0																						Non-Brands		True	True	True
latin girl riding	USD		10	100	Low	2.0																						Non-Brands		False	True	True
shaved latina girls	USD		10	100	Low	0.0																						Non-Brands		False	True	True
cute latina baby	USD		10	100	Low	0.0																						Non-Brands		False	False	False
latina girls sucking black dick	USD		10	100	Low	0.0																						Non-Brands		True	True	True
petite mexican girls nude	USD		10	100	Low	0.0																						Non-Brands	naked girl	True	True	True
chyanne jacobs 8th street latinas	USD		10	100	Low	0.0																						Non-Brands		True	False	True
hot nude latina chicks	USD		10	100	Low	0.0																						Non-Brands	naked girl	True	True	True
latino college girls	USD		10	100	Low	2.0																						Non-Brands		False	False	False
thick hispanic chicks	USD		10	100	Low	0.0																						Non-Brands		False	True	True
best latina cam girls	USD		10	100	Medium	44.0	0.99	2.61																				Non-Brands		False	False	False
latina girls in shorts	USD		10	100	Low	1.0																						Non-Brands		False	True	True
latina hot naked girls	USD		10	100	Low	0.0																						Non-Brands	naked girl	True	True	True
mexican women doggystyle	USD		10	100	Low	0.0																						Non-Brands		True	True	True
hot busty latina girls	USD		10	100	Low	1.0																						Non-Brands		False	True	True
latina girls doggystyle	USD		10	100	Low	0.0																						Non-Brands		True	True	True
latina girls on tumblr	USD		10	100	Low	0.0																				tumblr				False	False	False
latina pretty girl	USD		10	100	Low	1.0																						Non-Brands	beauty latina	False	False	False
little mexican girls nude	USD		10	100	Low	0.0																						Non-Brands	naked girl	True	True	True
sexy latina babes naked	USD		10	100	Low	0.0																						Non-Brands	naked girl	True	True	True
skinny latina babes	USD		10	100	Low	0.0																						Non-Brands		False	True	True
vk latina girls	USD		10	100	Low	4.0																					vk			False	False	False
erotic latina girls	USD		10	100	Low	0.0																						Non-Brands		True	True	True
latina babes sexy	USD		10	100	Low	0.0																						Non-Brands		True	True	True
topless latina babes	USD		10	100	Low	0.0																						Non-Brands	naked girl	True	True	True
latina chicks naked	USD		10	100	Low	0.0																						Non-Brands	naked girl	True	True	True
mexican booty girls	USD		100	1,000	Low	0.0																						Non-Brands		True	True	True
cute nude mexican girls	USD		10	100	Low	0.0																						Non-Brands	naked girl	True	True	True
hispanic babes nude	USD		10	100	Low	0.0																						Non-Brands	naked girl	True	True	True
pinky latina	USD		10	100	Low	0.0																						Non-Brands		False	True	True
black latina nudes	USD		100	1,000	Low	0.0																						Non-Brands	naked girl	True	True	True
chubby latina chicks	USD		10	100	Low	0.0																						Non-Brands		False	True	True
bubble butt latina girls	USD		10	100	Low	0.0																						Non-Brands		True	True	True
petite mexican girls naked	USD		10	100	Low	0.0																						Non-Brands	naked girl	True	True	True
hot nude mexican chicks	USD		10	100	Low	0.0																						Non-Brands	naked girl	True	True	True
latina sexi girl	USD		10	100	Low	0.0																						Non-Brands		True	True	True
sexy latina girl masturbating	USD		10	100	Low	0.0																						Non-Brands		True	True	True
young naked hispanic girls	USD		10	100	Low	0.0																						Non-Brands	naked girl	True	True	True
big girl latina	USD		10	100	Low	0.0																						Non-Brands		False	True	True
thick mexican girlfriend	USD		10	100	Low	0.0																						Non-Brands		False	True	True
latina cam big tits	USD		10	100	Low	5.0																						Non-Brands	tit	True	True	True
skinny hispanic girls	USD		10	100	Low	0.0																						Non-Brands		False	True	True
ebony latina cam	USD		10	100	Low	0.0																						Non-Brands		False	True	True
real latina girls	USD		10	100	Low	0.0																						Non-Brands		False	True	True
big breasted latina girls	USD		10	100	Low	0.0																						Non-Brands		False	True	True
chubby latina women tumblr	USD		10	100	Low	0.0																				tumblr				False	False	False
hot girl latino	USD		10	100	Low	0.0																						Non-Brands		True	False	True
latin girls riding dick	USD		10	100	Low	0.0																						Non-Brands		False	True	True
hottest latin girl	USD		10	100	Low	1.0																						Non-Brands		False	False	False
18 year old latina girls	USD		10	100	Low	0.0																						Non-Brands		False	True	True
big booty latina cam girl	USD		10	100	Low	0.0																						Non-Brands		True	True	True
latina mom spanks and punishes girl	USD		10	100	Low	0.0																						Non-Brands		False	False	False
nude latinas dancing	USD		10	100	Low	0.0																						Non-Brands	naked girl	True	True	True
hot hispanic girl naked	USD		10	100	Low	0.0																						Non-Brands	naked girl	True	True	True
latina girl casting	USD		10	100	Low	0.0																						Non-Brands		False	True	True
sexy latina school girls	USD		10	100	Low	0.0																						Non-Brands		True	True	True
bubble butt mexican girls	USD		10	100	Low	0.0																						Non-Brands		True	True	True
hot latina nude babes	USD		10	100	Low	0.0																						Non-Brands	naked girl	True	True	True
bbc latina girl	USD		10	100	Low	0.0																					bbc			False	True	True
hot sexy hispanic girls	USD		10	100	Low	0.0																						Non-Brands		True	False	True
latina beauty girls	USD		10	100	Low	0.0																						Non-Brands	beauty latina	False	False	False
naked hispanic women tumblr	USD		10	100	Low	0.0																				tumblr			naked girl	True	False	True
live naked latinas	USD		10	100	Low	4.0	0.94	1.06																				Non-Brands	naked girl	True	True	True
sexy hispanic chicks	USD		10	100	Low	1.0																						Non-Brands		True	False	True
hot latina girls masterbating	USD		10	100	Low	0.0																						Non-Brands		True	True	True
cute girl latina	USD		10	100	Low	0.0																						Non-Brands		False	False	False
hot latina girl sucking dick	USD		10	100	Low	0.0																						Non-Brands		False	True	True
latina horny girls	USD		10	100	Low	5.0																						Non-Brands	horny girls	True	True	True
young hispanic girls nude	USD		10	100	Low	0.0																						Non-Brands	naked girl	True	True	True
hot latina girls in bikinis	USD		10	100	Low	0.0																						Non-Brands		True	False	True
naked mexican girls with big tits	USD		10	100	Low	0.0																						Non-Brands	naked girl, tit	True	True	True
nude latino chicks	USD		10	100	Low	0.0																						Non-Brands	naked girl	True	True	True
pretty mexican girls naked	USD		10	100	Low	0.0																						Non-Brands	naked girl	True	True	True
sexy mexican twerking	USD		10	100	Low	0.0																						Non-Brands		True	True	True
tall latina girl	USD		10	100	Low	0.0																						Non-Brands		False	True	True
